Symbol,Timeframe,Pattern,Type,Proximal,Distal,Target,Status,Formed At,Base Count,Approached,Triggered,Category
EURUSD=X,5 Min,DBR,Demand,1.161,1.1608,1.1616,SL HIT,2026-06-17 08:30,1,NO,YES,Forex
EURUSD=X,15 Min,DBR,Demand,1.161,1.1608,1.1616,SL HIT,2026-06-17 07:30,1,NO,YES,Forex
EURUSD=X,30 Min,RBR,Demand,1.1618,1.1613,1.1629,SL HIT,2026-06-17 00:30,1,NO,YES,Forex
EURUSD=X,75 Min,DBR,Demand,1.1605,1.1592,1.1632,SL HIT,2026-06-16 15:00,1,YES,YES,Forex
EURUSD=X,125 Min,DBD,Supply,1.1597,1.1598,1.1594,SL HIT,2026-06-16 13:20,2,NO,YES,Forex
EURUSD=X,1 Hour,RBR,Demand,1.1616,1.161,1.1627,SL HIT,2026-06-16 22:00,3,NO,YES,Forex
EURUSD=X,2 Hour,RBR,Demand,1.1597,1.1578,1.1634,SL HIT,2026-06-16 02:00,3,YES,YES,Forex
EURUSD=X,4 Hour,DBR,Demand,1.16,1.1578,1.1643,SL HIT,2026-06-15 20:00,3,YES,YES,Forex
EURUSD=X,5 Hour,DBD,Supply,1.1587,1.1587,1.1587,SL HIT,2026-06-15 21:00,1,NO,YES,Forex
EURUSD=X,6 Hour,DBR,Demand,1.1592,1.1579,1.1616,SL HIT,2026-06-16 00:00,1,YES,YES,Forex
EURUSD=X,8 Hour,RBD,Supply,1.1562,1.1562,1.1562,SL HIT,2026-06-05 08:00,1,NO,YES,Forex
EURUSD=X,10 Hour,DBR,Demand,1.1546,1.1504,1.1631,FRESH,2026-06-07 18:00,3,YES,YES,Forex
EURUSD=X,12 Hour,DBR,Demand,1.1537,1.1504,1.1603,FRESH,2026-06-08 00:00,2,YES,YES,Forex
EURUSD=X,16 Hour,DBD,Supply,1.1608,1.1625,1.1573,FRESH,2026-06-03 08:00,3,YES,NO,Forex
EURUSD=X,Weekly,RBR,Demand,1.1564,1.1444,1.1804,FRESH,2026-03-23 00:00,2,YES,YES,Forex
GBPUSD=X,5 Min,DBD,Supply,1.3414,1.3414,1.3414,SL HIT,2026-06-17 08:35,1,NO,YES,Forex
GBPUSD=X,15 Min,RBD,Supply,1.343,1.343,1.343,FRESH,2026-06-17 03:30,1,NO,NO,Forex
GBPUSD=X,30 Min,RBR,Demand,1.3431,1.3427,1.3439,SL HIT,2026-06-17 01:30,3,NO,YES,Forex
GBPUSD=X,75 Min,DBD,Supply,1.3426,1.3426,1.3426,FRESH,2026-06-15 17:45,1,NO,NO,Forex
GBPUSD=X,125 Min,DBR,Demand,1.3452,1.3403,1.3552,SL HIT,2026-06-12 21:50,3,YES,YES,Forex
GBPUSD=X,1 Hour,RBR,Demand,1.343,1.3426,1.3439,SL HIT,2026-06-17 02:00,3,NO,YES,Forex
GBPUSD=X,2 Hour,DBD,Supply,1.3413,1.3413,1.3413,SL HIT,2026-06-15 20:00,1,NO,YES,Forex
GBPUSD=X,4 Hour,DBR,Demand,1.3421,1.3391,1.348,SL HIT,2026-06-15 20:00,3,YES,YES,Forex
GBPUSD=X,5 Hour,DBD,Supply,1.3409,1.3409,1.3409,SL HIT,2026-06-15 21:00,1,NO,YES,Forex
GBPUSD=X,6 Hour,DBR,Demand,1.3413,1.3392,1.3453,SL HIT,2026-06-16 00:00,1,YES,YES,Forex
GBPUSD=X,8 Hour,DBD,Supply,1.3355,1.3355,1.3355,SL HIT,2026-06-11 00:00,1,NO,YES,Forex
GBPUSD=X,10 Hour,DBR,Demand,1.3351,1.3307,1.3439,SL HIT,2026-06-07 18:00,3,NO,YES,Forex
GBPUSD=X,12 Hour,DBR,Demand,1.3342,1.3307,1.3412,SL HIT,2026-06-08 00:00,2,NO,YES,Forex
GBPUSD=X,16 Hour,DBD,Supply,1.3405,1.3443,1.333,TARGET,2026-05-27 16:00,3,YES,YES,Forex
GBPUSD=X,Weekly,RBD,Supply,1.3609,1.3663,1.3501,FRESH,2026-01-26 00:00,3,NO,NO,Forex
RELIANCE.NS,5 Min,DBD,Supply,1329.7,1330.1,1328.8999,SL HIT,2026-06-17 11:40,3,YES,YES,Indian Stocks
RELIANCE.NS,15 Min,RBD,Supply,1330.5,1330.5,1330.5,SL HIT,2026-06-17 10:00,2,NO,YES,Indian Stocks
RELIANCE.NS,30 Min,RBD,Supply,1330.8,1332.0,1328.4001,SL HIT,2026-06-16 12:00,3,YES,YES,Indian Stocks
RELIANCE.NS,75 Min,RBD,Supply,1314.1,1314.1,1314.1,SL HIT,2026-06-15 09:00,2,NO,YES,Indian Stocks
RELIANCE.NS,1 Hour,RBR,Demand,1292.0,1281.6,1312.8,FRESH,2026-06-12 14:15,1,NO,NO,Indian Stocks
RELIANCE.NS,2 Hour,DBR,Demand,1267.2,1255.2,1291.2,FRESH,2026-06-10 14:00,1,NO,NO,Indian Stocks
RELIANCE.NS,4 Hour,RBR,Demand,1276.1,1260.2,1307.9,FRESH,2026-06-11 12:00,2,NO,NO,Indian Stocks
RELIANCE.NS,5 Hour,RBD,Supply,1275.2,1275.2,1275.2,SL HIT,2026-06-10 05:00,1,NO,YES,Indian Stocks
RELIANCE.NS,6 Hour,RBR,Demand,1276.1,1260.2,1307.9,FRESH,2026-06-11 12:00,2,NO,NO,Indian Stocks
RELIANCE.NS,8 Hour,DBD,Supply,1317.0,1317.0,1317.0,SL HIT,2026-05-20 08:00,1,NO,YES,Indian Stocks
RELIANCE.NS,10 Hour,DBR,Demand,1276.1,1253.6,1321.1,FRESH,2026-06-11 06:00,2,NO,NO,Indian Stocks
RELIANCE.NS,12 Hour,RBR,Demand,1276.1,1260.2,1307.9,FRESH,2026-06-11 12:00,2,NO,NO,Indian Stocks
RELIANCE.NS,16 Hour,DBD,Supply,1317.0,1317.0,1317.0,SL HIT,2026-05-20 08:00,1,NO,YES,Indian Stocks
RELIANCE.NS,Daily,DBD,Supply,1295.0124,1307.1562,1270.7248,SL HIT,2026-06-02 00:00,3,NO,YES,Indian Stocks
RELIANCE.NS,Weekly,RBD,Supply,1426.8031,1426.8031,1426.8031,FRESH,2026-05-04 00:00,1,NO,NO,Indian Stocks
AAPL,5 Min,DBD,Supply,298.86,298.92,298.7399,SL HIT,2026-06-16 15:05,3,NO,YES,US Stocks
AAPL,15 Min,DBR,Demand,298.97,298.568,299.774,SL HIT,2026-06-16 14:15,1,YES,YES,US Stocks
AAPL,30 Min,DBD,Supply,291.18,291.335,290.87,SL HIT,2026-06-12 12:00,3,NO,YES,US Stocks
AAPL,75 Min,RBD,Supply,295.36,295.46,295.16,SL HIT,2026-06-11 13:30,2,NO,YES,US Stocks
AAPL,1 Hour,DBR,Demand,292.985,289.6,299.7549,FRESH,2026-06-11 10:30,2,YES,NO,US Stocks
AAPL,2 Hour,RBD,Supply,291.5,291.5,291.5,SL HIT,2026-06-10 14:00,1,NO,YES,US Stocks
AAPL,4 Hour,RBD,Supply,301.57,301.57,301.57,FRESH,2026-06-08 12:00,1,NO,NO,US Stocks
AAPL,5 Hour,RBD,Supply,301.57,301.57,301.57,FRESH,2026-06-08 11:00,1,NO,NO,US Stocks
AAPL,6 Hour,RBD,Supply,301.57,301.57,301.57,FRESH,2026-06-08 12:00,1,NO,NO,US Stocks
AAPL,8 Hour,RBR,Demand,293.28,285.78,308.28,FRESH,2026-05-07 08:00,3,YES,NO,US Stocks
AAPL,10 Hour,RBR,Demand,293.77,290.23,300.8499,FRESH,2026-05-08 10:00,2,YES,NO,US Stocks
AAPL,12 Hour,RBD,Supply,301.57,301.57,301.57,FRESH,2026-06-08 12:00,1,NO,NO,US Stocks
AAPL,16 Hour,RBR,Demand,293.28,285.78,308.28,FRESH,2026-05-07 00:00,3,YES,NO,US Stocks
AAPL,Daily,RBR,Demand,293.05,285.5169,308.1162,FRESH,2026-05-07 00:00,3,YES,NO,US Stocks
AAPL,Weekly,DBR,Demand,258.9988,242.9686,291.0593,FRESH,2026-01-12 00:00,3,NO,NO,US Stocks
BTC-USD,5 Min,DBR,Demand,65528.3984,65420.1602,65744.875,SL HIT,2026-06-17 07:20,1,NO,YES,Crypto
BTC-USD,15 Min,DBD,Supply,65804.9922,65804.9922,65804.9922,TARGET,2026-06-17 02:45,1,NO,YES,Crypto
BTC-USD,30 Min,DBD,Supply,66461.6484,66463.9531,66457.0391,FRESH,2026-06-16 09:30,2,NO,NO,Crypto
BTC-USD,75 Min,DBD,Supply,66350.3125,66350.3125,66350.3125,FRESH,2026-06-16 11:45,1,NO,NO,Crypto
BTC-USD,125 Min,DBR,Demand,65934.4062,65607.5391,66588.1406,SL HIT,2026-06-16 03:00,1,NO,YES,Crypto
BTC-USD,1 Hour,DBD,Supply,66367.9766,66456.8984,66190.1328,FRESH,2026-06-16 10:00,3,NO,NO,Crypto
BTC-USD,2 Hour,RBD,Supply,66553.8281,66820.8594,66019.7656,FRESH,2026-06-15 16:00,2,NO,NO,Crypto
BTC-USD,4 Hour,RBR,Demand,66190.0,65315.0117,67939.9766,SL HIT,2026-06-15 00:00,3,NO,YES,Crypto
BTC-USD,5 Hour,RBD,Supply,66331.2812,66331.2812,66331.2812,FRESH,2026-06-15 17:00,1,NO,NO,Crypto
BTC-USD,6 Hour,DBD,Supply,69349.9922,69349.9922,69349.9922,FRESH,2026-06-02 06:00,1,NO,NO,Crypto
BTC-USD,8 Hour,RBR,Demand,65706.0312,65315.0117,66488.0703,SL HIT,2026-06-15 00:00,1,NO,YES,Crypto
BTC-USD,10 Hour,RBR,Demand,65484.4414,63642.9688,69167.3867,FRESH,2026-06-13 20:00,3,YES,YES,Crypto
BTC-USD,12 Hour,RBR,Demand,63685.1602,62261.9102,66531.6602,FRESH,2026-06-11 12:00,3,YES,NO,Crypto
BTC-USD,16 Hour,DBD,Supply,67125.6406,67125.6406,67125.6406,FRESH,2026-06-02 16:00,1,NO,NO,Crypto
BTC-USD,Daily,DBR,Demand,75723.6953,73802.3828,79566.3203,SL HIT,2026-04-19 00:00,1,NO,YES,Crypto
BTC-USD,Weekly,RBR,Demand,78661.0156,74958.5703,86065.9062,SL HIT,2026-04-27 00:00,1,NO,YES,Crypto
EURUSD=X,5 Min,DBR,Demand,1.1609,1.1609,1.1609,SL HIT,2026-06-17 08:45,1,NO,YES,Forex
GBPUSD=X,5 Min,DBR,Demand,1.3417,1.3415,1.3422,SL HIT,2026-06-17 08:45,1,YES,YES,Forex
USDJPY=X,5 Min,RBD,Supply,160.307,160.319,160.283,SL HIT,2026-06-17 07:00,2,NO,YES,Forex
USDJPY=X,15 Min,RBD,Supply,160.283,160.283,160.283,TARGET,2026-06-17 06:45,1,NO,YES,Forex
USDJPY=X,30 Min,RBD,Supply,160.247,160.251,160.239,TARGET,2026-06-16 05:30,3,NO,YES,Forex
USDJPY=X,75 Min,DBR,Demand,160.149,160.022,160.403,FRESH,2026-06-15 14:00,2,YES,NO,Forex
USDJPY=X,125 Min,RBD,Supply,160.121,160.121,160.121,SL HIT,2026-06-15 01:55,1,NO,YES,Forex
USDJPY=X,1 Hour,RBR,Demand,160.398,160.327,160.54,SL HIT,2026-06-16 15:00,3,NO,YES,Forex
USDJPY=X,2 Hour,DBR,Demand,160.162,159.516,161.454,FRESH,2026-06-11 20:00,3,YES,NO,Forex
USDJPY=X,4 Hour,RBD,Supply,160.302,160.302,160.302,SL HIT,2026-06-15 20:00,1,NO,YES,Forex
USDJPY=X,5 Hour,RBR,Demand,159.065,158.64,159.915,FRESH,2026-05-19 04:00,3,NO,NO,Forex
USDJPY=X,6 Hour,RBR,Demand,159.094,158.64,160.002,FRESH,2026-05-19 06:00,2,NO,NO,Forex
USDJPY=X,8 Hour,RBR,Demand,159.724,159.531,160.11,FRESH,2026-06-01 16:00,2,NO,NO,Forex
USDJPY=X,10 Hour,RBR,Demand,157.279,156.517,158.803,FRESH,2026-05-04 04:00,3,NO,NO,Forex
USDJPY=X,12 Hour,RBR,Demand,159.119,158.812,159.733,FRESH,2026-05-21 12:00,1,NO,NO,Forex
USDJPY=X,16 Hour,DBR,Demand,156.662,155.453,159.08,FRESH,2026-05-01 00:00,1,NO,NO,Forex
USDJPY=X,Weekly,RBR,Demand,157.255,152.278,167.209,FRESH,2026-02-09 00:00,1,YES,NO,Forex
AUDUSD=X,5 Min,RBR,Demand,0.7066,0.7066,0.7067,SL HIT,2026-06-17 08:45,1,NO,YES,Forex
AUDUSD=X,15 Min,RBR,Demand,0.7062,0.7059,0.7068,TARGET,2026-06-17 07:45,1,YES,YES,Forex
AUDUSD=X,30 Min,RBR,Demand,0.7073,0.7068,0.7082,SL HIT,2026-06-17 00:30,1,NO,YES,Forex
AUDUSD=X,75 Min,RBD,Supply,0.7071,0.7071,0.7071,SL HIT,2026-06-17 02:15,1,NO,YES,Forex
AUDUSD=X,125 Min,DBD,Supply,0.7065,0.7071,0.7053,SL HIT,2026-06-16 21:40,3,YES,YES,Forex
AUDUSD=X,1 Hour,RBR,Demand,0.7071,0.7069,0.7075,SL HIT,2026-06-16 10:00,1,NO,YES,Forex
AUDUSD=X,2 Hour,RBR,Demand,0.7079,0.7067,0.7104,SL HIT,2026-06-16 12:00,1,NO,YES,Forex
AUDUSD=X,4 Hour,DBR,Demand,0.7078,0.7047,0.7138,SL HIT,2026-06-15 20:00,3,YES,YES,Forex
AUDUSD=X,5 Hour,DBD,Supply,0.7072,0.7072,0.7072,SL HIT,2026-06-15 21:00,1,NO,YES,Forex
AUDUSD=X,6 Hour,DBR,Demand,0.7072,0.7049,0.7119,SL HIT,2026-06-16 00:00,1,YES,YES,Forex
AUDUSD=X,8 Hour,DBR,Demand,0.7005,0.6983,0.705,FRESH,2026-06-11 00:00,2,YES,NO,Forex
AUDUSD=X,10 Hour,DBR,Demand,0.7025,0.6991,0.7094,FRESH,2026-06-10 06:00,3,YES,YES,Forex
AUDUSD=X,12 Hour,DBD,Supply,0.7136,0.7137,0.7135,FRESH,2026-06-04 00:00,3,NO,NO,Forex
AUDUSD=X,16 Hour,DBD,Supply,0.7036,0.7061,0.6988,SL HIT,2026-06-08 00:00,2,YES,YES,Forex
AUDUSD=X,Weekly,RBR,Demand,0.6716,0.6662,0.6825,FRESH,2025-12-29 00:00,3,NO,NO,Forex
USDCAD=X,5 Min,DBR,Demand,1.3996,1.3988,1.4011,FRESH,2026-06-16 21:15,3,YES,NO,Forex
USDCAD=X,15 Min,DBR,Demand,1.3996,1.3988,1.4011,FRESH,2026-06-16 21:15,1,YES,NO,Forex
USDCAD=X,125 Min,RBD,Supply,1.4011,1.4011,1.4011,SL HIT,2026-06-16 07:05,1,NO,YES,Forex
USDCAD=X,1 Hour,RBR,Demand,1.3962,1.3949,1.3988,FRESH,2026-06-11 08:00,1,NO,NO,Forex
USDCAD=X,2 Hour,RBR,Demand,1.3985,1.3969,1.4017,FRESH,2026-06-11 10:00,2,NO,NO,Forex
USDCAD=X,4 Hour,DBR,Demand,1.3614,1.3593,1.3657,FRESH,2026-04-27 12:00,1,NO,NO,Forex
USDCAD=X,5 Hour,RBR,Demand,1.3993,1.3979,1.4021,FRESH,2026-06-15 21:00,1,YES,NO,Forex
USDCAD=X,6 Hour,RBD,Supply,1.3689,1.3709,1.3649,SL HIT,2026-05-12 06:00,2,NO,YES,Forex
USDCAD=X,8 Hour,RBD,Supply,1.3818,1.3838,1.3777,SL HIT,2026-05-27 16:00,3,NO,YES,Forex
USDCAD=X,10 Hour,RBD,Supply,1.3835,1.3839,1.3827,SL HIT,2026-05-27 12:00,2,NO,YES,Forex
USDCAD=X,12 Hour,RBR,Demand,1.3907,1.3863,1.3996,FRESH,2026-06-04 00:00,3,NO,NO,Forex
USDCAD=X,16 Hour,DBR,Demand,1.3804,1.3766,1.3879,FRESH,2026-05-29 00:00,3,NO,NO,Forex
USDCAD=X,Weekly,RBD,Supply,1.39,1.39,1.39,SL HIT,2026-03-30 00:00,1,NO,YES,Forex
NZDUSD=X,5 Min,DBR,Demand,0.5822,0.5821,0.5823,SL HIT,2026-06-17 08:45,1,NO,YES,Forex
NZDUSD=X,15 Min,RBR,Demand,0.5822,0.5819,0.5827,SL HIT,2026-06-17 07:45,1,NO,YES,Forex
NZDUSD=X,30 Min,DBD,Supply,0.5824,0.5824,0.5824,FRESH,2026-06-17 06:30,1,NO,NO,Forex
NZDUSD=X,75 Min,DBD,Supply,0.583,0.583,0.583,FRESH,2026-06-15 17:45,1,NO,NO,Forex
NZDUSD=X,125 Min,RBD,Supply,0.5836,0.5836,0.5836,FRESH,2026-06-16 15:25,1,NO,NO,Forex
NZDUSD=X,1 Hour,RBR,Demand,0.583,0.5825,0.5839,SL HIT,2026-06-16 10:00,1,NO,YES,Forex
NZDUSD=X,2 Hour,DBR,Demand,0.5814,0.5799,0.5844,SL HIT,2026-06-16 04:00,2,YES,YES,Forex
NZDUSD=X,4 Hour,DBR,Demand,0.5828,0.5799,0.5885,SL HIT,2026-06-15 20:00,3,YES,YES,Forex
NZDUSD=X,5 Hour,DBR,Demand,0.5823,0.5799,0.5871,SL HIT,2026-06-15 21:00,2,YES,YES,Forex
NZDUSD=X,6 Hour,DBR,Demand,0.5834,0.5799,0.5903,SL HIT,2026-06-15 18:00,2,YES,YES,Forex
NZDUSD=X,8 Hour,DBR,Demand,0.5792,0.5772,0.5832,SL HIT,2026-06-11 00:00,2,YES,YES,Forex
NZDUSD=X,10 Hour,RBD,Supply,0.5804,0.5804,0.5804,SL HIT,2026-06-08 04:00,1,NO,YES,Forex
NZDUSD=X,12 Hour,RBD,Supply,0.5833,0.5846,0.5806,FRESH,2026-06-12 00:00,3,NO,NO,Forex
NZDUSD=X,16 Hour,DBD,Supply,0.5869,0.5873,0.5861,FRESH,2026-06-03 08:00,3,NO,NO,Forex
NZDUSD=X,Weekly,RBR,Demand,0.5828,0.5712,0.6059,FRESH,2025-12-29 00:00,3,YES,YES,Forex
USDCHF=X,5 Min,DBD,Supply,0.7912,0.7913,0.7908,SL HIT,2026-06-17 08:40,3,NO,YES,Forex
USDCHF=X,15 Min,RBD,Supply,0.792,0.792,0.792,SL HIT,2026-06-17 07:30,1,NO,YES,Forex
USDCHF=X,30 Min,DBR,Demand,0.7948,0.794,0.7966,SL HIT,2026-06-16 11:00,2,NO,YES,Forex
USDCHF=X,75 Min,RBD,Supply,0.7938,0.7942,0.793,SL HIT,2026-06-15 02:45,2,NO,YES,Forex
USDCHF=X,125 Min,DBR,Demand,0.7937,0.7921,0.7969,TARGET,2026-06-16 15:25,1,YES,YES,Forex
USDCHF=X,1 Hour,RBD,Supply,0.7947,0.795,0.794,SL HIT,2026-06-16 13:00,2,NO,YES,Forex
USDCHF=X,2 Hour,DBD,Supply,0.7936,0.7942,0.7925,SL HIT,2026-06-15 00:00,2,YES,YES,Forex
USDCHF=X,4 Hour,DBR,Demand,0.7883,0.7872,0.7904,FRESH,2026-06-05 08:00,1,NO,NO,Forex
USDCHF=X,5 Hour,RBR,Demand,0.7949,0.7927,0.7992,SL HIT,2026-06-15 21:00,1,YES,YES,Forex
USDCHF=X,6 Hour,DBD,Supply,0.7983,0.7996,0.7958,FRESH,2026-06-11 06:00,2,YES,YES,Forex
USDCHF=X,8 Hour,RBD,Supply,0.7989,0.7989,0.7988,FRESH,2026-06-11 00:00,2,NO,YES,Forex
USDCHF=X,10 Hour,RBR,Demand,0.7878,0.7861,0.7912,FRESH,2026-06-02 18:00,1,NO,NO,Forex
USDCHF=X,12 Hour,RBD,Supply,0.789,0.7894,0.7882,SL HIT,2026-06-03 12:00,3,NO,YES,Forex
USDCHF=X,16 Hour,RBR,Demand,0.7915,0.7868,0.8009,FRESH,2026-06-03 08:00,3,YES,NO,Forex
USDCHF=X,Weekly,DBR,Demand,0.7869,0.7764,0.8079,FRESH,2026-04-20 00:00,3,YES,NO,Forex
EURGBP=X,5 Min,DBR,Demand,0.8652,0.8652,0.8653,SL HIT,2026-06-17 07:45,1,NO,YES,Forex
EURGBP=X,15 Min,RBR,Demand,0.8647,0.8644,0.8653,TARGET,2026-06-16 23:15,1,YES,YES,Forex
EURGBP=X,30 Min,RBD,Supply,0.8646,0.8647,0.8644,SL HIT,2026-06-16 17:30,2,YES,YES,Forex
EURGBP=X,75 Min,RBR,Demand,0.8645,0.8641,0.8652,FRESH,2026-06-16 03:45,2,YES,NO,Forex
EURGBP=X,125 Min,RBR,Demand,0.8631,0.8624,0.8645,FRESH,2026-06-12 21:50,2,NO,NO,Forex
EURGBP=X,1 Hour,RBD,Supply,0.8633,0.8633,0.8633,SL HIT,2026-06-12 14:00,1,NO,YES,Forex
EURGBP=X,2 Hour,RBD,Supply,0.8643,0.8648,0.8632,SL HIT,2026-06-15 10:00,2,YES,YES,Forex
EURGBP=X,4 Hour,RBR,Demand,0.8648,0.8632,0.8679,FRESH,2026-06-15 12:00,3,YES,YES,Forex
EURGBP=X,5 Hour,RBR,Demand,0.8634,0.8626,0.865,FRESH,2026-05-26 06:00,1,NO,NO,Forex
EURGBP=X,6 Hour,RBD,Supply,0.8667,0.8667,0.8667,FRESH,2026-05-29 12:00,2,NO,NO,Forex
EURGBP=X,8 Hour,RBR,Demand,0.8632,0.8627,0.8644,FRESH,2026-06-11 00:00,1,NO,NO,Forex
EURGBP=X,10 Hour,DBR,Demand,0.8626,0.8613,0.8652,FRESH,2026-05-25 20:00,1,NO,NO,Forex
EURGBP=X,12 Hour,RBD,Supply,0.8711,0.8711,0.8711,FRESH,2026-05-18 00:00,1,NO,NO,Forex
EURGBP=X,16 Hour,RBR,Demand,0.8667,0.8654,0.8691,SL HIT,2026-05-27 16:00,3,NO,YES,Forex
EURGBP=X,Weekly,DBD,Supply,0.8633,0.8656,0.8589,SL HIT,2026-04-27 00:00,3,YES,YES,Forex
EURJPY=X,5 Min,DBD,Supply,185.949,185.962,185.923,FRESH,2026-06-17 08:45,3,NO,NO,Forex
EURJPY=X,15 Min,DBR,Demand,186.037,185.981,186.149,SL HIT,2026-06-17 07:30,2,NO,YES,Forex
EURJPY=X,30 Min,RBR,Demand,186.169,186.12,186.267,SL HIT,2026-06-16 16:00,1,NO,YES,Forex
EURJPY=X,125 Min,RBD,Supply,185.422,185.424,185.418,SL HIT,2026-06-12 15:35,2,NO,YES,Forex
EURJPY=X,1 Hour,DBR,Demand,186.132,186.083,186.23,SL HIT,2026-06-17 04:00,2,NO,YES,Forex
EURJPY=X,2 Hour,DBD,Supply,186.188,186.238,186.088,FRESH,2026-06-16 22:00,2,NO,NO,Forex
EURJPY=X,4 Hour,RBD,Supply,186.122,186.268,185.83,FRESH,2026-06-16 12:00,3,NO,NO,Forex
EURJPY=X,5 Hour,DBR,Demand,185.652,185.244,186.468,SL HIT,2026-06-12 13:00,3,YES,YES,Forex
EURJPY=X,6 Hour,DBR,Demand,185.353,184.731,186.597,SL HIT,2026-06-11 00:00,3,YES,YES,Forex
EURJPY=X,8 Hour,DBR,Demand,185.736,185.46,186.288,SL HIT,2026-06-01 16:00,1,YES,YES,Forex
EURJPY=X,10 Hour,RBD,Supply,184.511,184.743,184.047,SL HIT,2026-05-20 20:00,3,NO,YES,Forex
EURJPY=X,12 Hour,DBR,Demand,184.724,183.969,186.234,FRESH,2026-06-08 00:00,2,YES,YES,Forex
EURJPY=X,16 Hour,RBD,Supply,184.879,184.879,184.879,SL HIT,2026-05-18 08:00,1,NO,YES,Forex
EURJPY=X,Weekly,RBR,Demand,184.132,182.629,187.138,FRESH,2026-03-23 00:00,2,YES,NO,Forex
EURAUD=X,5 Min,RBR,Demand,1.6389,1.6384,1.64,FRESH,2026-06-16 15:20,1,YES,YES,Forex
EURAUD=X,15 Min,DBR,Demand,1.6392,1.6378,1.6422,FRESH,2026-06-16 14:45,2,YES,YES,Forex
EURAUD=X,30 Min,DBR,Demand,1.6383,1.6369,1.641,FRESH,2026-06-15 22:00,2,YES,NO,Forex
EURAUD=X,75 Min,RBD,Supply,1.6416,1.6416,1.6415,SL HIT,2026-06-15 11:30,3,NO,YES,Forex
EURAUD=X,125 Min,RBD,Supply,1.6417,1.6417,1.6417,SL HIT,2026-06-15 12:20,1,NO,YES,Forex
EURAUD=X,1 Hour,DBD,Supply,1.6463,1.6463,1.6463,FRESH,2026-06-11 17:00,1,NO,NO,Forex
EURAUD=X,2 Hour,DBD,Supply,1.6381,1.6387,1.6369,SL HIT,2026-06-15 16:00,2,NO,YES,Forex
EURAUD=X,4 Hour,RBR,Demand,1.6289,1.6265,1.6336,FRESH,2026-06-04 04:00,1,NO,NO,Forex
EURAUD=X,5 Hour,RBR,Demand,1.6486,1.644,1.6578,SL HIT,2026-06-10 11:00,1,NO,YES,Forex
EURAUD=X,6 Hour,RBD,Supply,1.6257,1.6284,1.6202,SL HIT,2026-06-03 18:00,3,NO,YES,Forex
EURAUD=X,8 Hour,DBD,Supply,1.6427,1.6427,1.6427,TARGET,2026-06-12 00:00,1,NO,YES,Forex
EURAUD=X,10 Hour,DBR,Demand,1.6217,1.6183,1.6285,FRESH,2026-06-02 18:00,2,NO,NO,Forex
EURAUD=X,12 Hour,RBD,Supply,1.6277,1.63,1.6231,SL HIT,2026-06-04 12:00,3,NO,YES,Forex
EURAUD=X,16 Hour,RBR,Demand,1.6275,1.6221,1.6383,FRESH,2026-05-15 16:00,3,NO,NO,Forex
EURAUD=X,Weekly,RBR,Demand,1.733,1.6869,1.8252,SL HIT,2025-03-10 00:00,3,NO,YES,Forex
EURCAD=X,5 Min,DBD,Supply,1.6255,1.6255,1.6255,SL HIT,2026-06-17 08:20,1,NO,YES,Forex
EURCAD=X,15 Min,RBD,Supply,1.6255,1.6255,1.6255,SL HIT,2026-06-17 08:00,1,NO,YES,Forex
EURCAD=X,30 Min,DBR,Demand,1.622,1.621,1.6238,FRESH,2026-06-15 16:00,2,YES,YES,Forex
EURCAD=X,1 Hour,RBD,Supply,1.6229,1.6229,1.6229,SL HIT,2026-06-15 13:00,2,NO,YES,Forex
EURCAD=X,2 Hour,DBD,Supply,1.607,1.6086,1.604,SL HIT,2026-06-05 14:00,3,NO,YES,Forex
EURCAD=X,4 Hour,DBD,Supply,1.592,1.5939,1.5883,SL HIT,2026-05-01 20:00,2,NO,YES,Forex
EURCAD=X,5 Hour,RBR,Demand,1.613,1.6099,1.6193,FRESH,2026-06-03 19:00,2,NO,NO,Forex
EURCAD=X,6 Hour,DBR,Demand,1.6078,1.6042,1.6149,FRESH,2026-06-08 00:00,2,NO,NO,Forex
EURCAD=X,8 Hour,RBR,Demand,1.6053,1.6002,1.6155,FRESH,2026-05-07 16:00,2,NO,NO,Forex
EURCAD=X,10 Hour,RBD,Supply,1.6086,1.6141,1.5974,SL HIT,2026-06-04 10:00,3,NO,YES,Forex
EURCAD=X,12 Hour,RBD,Supply,1.6147,1.6147,1.6147,SL HIT,2026-06-04 12:00,2,NO,YES,Forex
EURCAD=X,16 Hour,DBD,Supply,1.5929,1.593,1.5927,SL HIT,2026-04-30 08:00,2,NO,YES,Forex
EURCAD=X,Weekly,DBD,Supply,1.5929,1.5929,1.5929,SL HIT,2026-05-04 00:00,1,NO,YES,Forex
EURCHF=X,1 Hour,DBR,Demand,0.9182,0.9169,0.9207,FRESH,2026-04-23 22:00,1,YES,NO,Forex
EURCHF=X,2 Hour,DBD,Supply,0.9147,0.9151,0.9139,SL HIT,2026-05-20 16:00,2,NO,YES,Forex
EURCHF=X,4 Hour,DBD,Supply,0.9252,0.9252,0.9252,FRESH,2026-04-13 00:00,1,NO,NO,Forex
EURCHF=X,5 Hour,DBD,Supply,0.9102,0.9102,0.9102,SL HIT,2026-05-29 14:00,1,NO,YES,Forex
EURCHF=X,6 Hour,RBD,Supply,0.9238,0.9249,0.9216,FRESH,2026-04-07 12:00,2,NO,NO,Forex
EURCHF=X,8 Hour,RBD,Supply,0.9228,0.924,0.9203,FRESH,2026-04-28 08:00,2,NO,NO,Forex
EURCHF=X,10 Hour,DBD,Supply,0.9243,0.9243,0.9243,FRESH,2026-04-12 22:00,1,NO,NO,Forex
EURCHF=X,12 Hour,DBD,Supply,0.9114,0.9127,0.9087,SL HIT,2026-02-12 12:00,2,NO,YES,Forex
EURCHF=X,16 Hour,RBR,Demand,0.9198,0.9189,0.9217,FRESH,2026-06-08 16:00,1,YES,YES,Forex
EURCHF=X,Weekly,RBR,Demand,0.9184,0.9031,0.949,FRESH,2026-03-16 00:00,1,YES,NO,Forex
EURNZD=X,5 Min,RBR,Demand,1.9909,1.9899,1.993,FRESH,2026-06-16 21:50,2,NO,NO,Forex
EURNZD=X,15 Min,RBD,Supply,1.9899,1.9902,1.9895,SL HIT,2026-06-16 13:15,2,NO,YES,Forex
EURNZD=X,30 Min,RBR,Demand,1.9921,1.9903,1.9957,FRESH,2026-06-17 03:00,3,YES,NO,Forex
EURNZD=X,75 Min,DBR,Demand,1.9849,1.98,1.9946,FRESH,2026-06-11 21:15,3,NO,NO,Forex
EURNZD=X,125 Min,DBR,Demand,1.9888,1.9869,1.9926,FRESH,2026-06-16 15:25,2,NO,NO,Forex
EURNZD=X,1 Hour,DBD,Supply,1.9861,1.9861,1.9861,SL HIT,2026-06-11 19:00,1,NO,YES,Forex
EURNZD=X,2 Hour,RBR,Demand,1.9877,1.9861,1.9908,FRESH,2026-06-15 12:00,2,NO,NO,Forex
EURNZD=X,4 Hour,RBR,Demand,1.9902,1.9863,1.998,FRESH,2026-06-15 20:00,1,YES,NO,Forex
EURNZD=X,5 Hour,RBR,Demand,1.9715,1.9668,1.9809,FRESH,2026-06-03 09:00,1,NO,NO,Forex
EURNZD=X,6 Hour,RBR,Demand,1.9774,1.9747,1.9828,FRESH,2026-06-03 18:00,2,NO,NO,Forex
EURNZD=X,8 Hour,DBR,Demand,1.9549,1.9443,1.976,FRESH,2026-05-29 08:00,2,NO,NO,Forex
EURNZD=X,10 Hour,DBR,Demand,1.9868,1.9801,2.0001,FRESH,2026-06-12 18:00,3,YES,NO,Forex
EURNZD=X,12 Hour,DBD,Supply,1.9705,1.9705,1.9705,SL HIT,2026-05-28 00:00,1,NO,YES,Forex
EURNZD=X,16 Hour,RBR,Demand,1.9858,1.9812,1.995,FRESH,2026-06-10 00:00,1,NO,NO,Forex
EURNZD=X,Weekly,DBD,Supply,2.0166,2.0285,1.9928,FRESH,2025-12-29 00:00,3,NO,NO,Forex
GBPJPY=X,5 Min,RBD,Supply,215.286,215.286,215.286,FRESH,2026-06-17 06:05,1,NO,NO,Forex
GBPJPY=X,15 Min,DBR,Demand,215.045,214.903,215.329,SL HIT,2026-06-17 07:30,2,YES,YES,Forex
GBPJPY=X,30 Min,RBD,Supply,215.457,215.457,215.457,FRESH,2026-06-16 17:00,1,NO,NO,Forex
GBPJPY=X,75 Min,DBR,Demand,215.004,214.584,215.844,SL HIT,2026-06-16 07:30,1,YES,YES,Forex
GBPJPY=X,125 Min,DBD,Supply,214.559,214.895,213.887,TARGET,2026-06-12 13:30,3,YES,YES,Forex
GBPJPY=X,1 Hour,RBD,Supply,215.371,215.371,215.371,FRESH,2026-06-16 16:00,1,NO,NO,Forex
GBPJPY=X,2 Hour,DBD,Supply,215.321,215.354,215.255,FRESH,2026-06-16 22:00,2,NO,NO,Forex
GBPJPY=X,4 Hour,DBR,Demand,214.766,214.5,215.298,SL HIT,2026-06-16 04:00,1,YES,YES,Forex
GBPJPY=X,5 Hour,DBR,Demand,215.046,214.5,216.138,SL HIT,2026-06-15 21:00,2,YES,YES,Forex
GBPJPY=X,6 Hour,RBR,Demand,214.805,213.864,216.687,SL HIT,2026-06-11 06:00,2,YES,YES,Forex
GBPJPY=X,8 Hour,DBD,Supply,214.412,214.412,214.412,SL HIT,2026-06-11 00:00,1,NO,YES,Forex
GBPJPY=X,10 Hour,RBR,Demand,214.757,214.161,215.949,SL HIT,2026-06-01 02:00,2,YES,YES,Forex
GBPJPY=X,12 Hour,DBR,Demand,213.682,212.922,215.202,FRESH,2026-06-08 00:00,2,YES,YES,Forex
GBPJPY=X,16 Hour,RBR,Demand,214.846,214.161,216.216,SL HIT,2026-06-01 08:00,1,YES,YES,Forex
GBPJPY=X,Weekly,RBR,Demand,194.028,187.064,207.956,FRESH,2025-01-27 00:00,2,NO,NO,Forex
GBPAUD=X,5 Min,DBR,Demand,1.9005,1.9,1.9016,SL HIT,2026-06-17 07:35,2,YES,YES,Forex
GBPAUD=X,15 Min,DBD,Supply,1.9001,1.9004,1.8994,TARGET,2026-06-17 07:45,2,NO,YES,Forex
GBPAUD=X,30 Min,DBD,Supply,1.8996,1.8996,1.8996,TARGET,2026-06-15 02:30,1,NO,YES,Forex
GBPAUD=X,125 Min,DBR,Demand,1.898,1.895,1.9039,SL HIT,2026-06-16 11:15,2,YES,YES,Forex
GBPAUD=X,1 Hour,RBR,Demand,1.8988,1.8973,1.9018,SL HIT,2026-06-16 17:00,3,YES,YES,Forex
GBPAUD=X,2 Hour,DBD,Supply,1.891,1.8917,1.8898,SL HIT,2026-06-08 02:00,3,NO,YES,Forex
GBPAUD=X,4 Hour,RBR,Demand,1.8937,1.891,1.8992,FRESH,2026-06-08 20:00,3,YES,YES,Forex
GBPAUD=X,5 Hour,RBR,Demand,1.9069,1.899,1.9225,SL HIT,2026-06-09 15:00,3,YES,YES,Forex
GBPAUD=X,6 Hour,RBD,Supply,1.8837,1.8837,1.8837,SL HIT,2026-06-04 06:00,1,NO,YES,Forex
GBPAUD=X,8 Hour,DBR,Demand,1.8785,1.8755,1.8845,FRESH,2026-05-20 16:00,1,NO,NO,Forex
GBPAUD=X,10 Hour,DBR,Demand,1.873,1.8689,1.8812,FRESH,2026-05-29 14:00,2,NO,NO,Forex
GBPAUD=X,12 Hour,RBR,Demand,1.8841,1.8783,1.8957,FRESH,2026-06-04 12:00,1,NO,NO,Forex
GBPAUD=X,16 Hour,RBR,Demand,1.8947,1.8874,1.9094,FRESH,2026-06-08 00:00,2,YES,YES,Forex
GBPAUD=X,Weekly,DBD,Supply,1.8828,1.8828,1.8828,SL HIT,2026-02-16 00:00,1,NO,YES,Forex
GBPCAD=X,5 Min,RBR,Demand,1.8784,1.8779,1.8793,SL HIT,2026-06-16 11:45,2,YES,YES,Forex
GBPCAD=X,15 Min,RBR,Demand,1.8766,1.8764,1.877,SL HIT,2026-06-16 00:30,1,NO,YES,Forex
GBPCAD=X,30 Min,DBD,Supply,1.8772,1.8772,1.8772,SL HIT,2026-06-15 17:00,1,NO,YES,Forex
GBPCAD=X,75 Min,DBR,Demand,1.8736,1.8718,1.8772,FRESH,2026-06-12 13:30,3,YES,YES,Forex
GBPCAD=X,1 Hour,DBR,Demand,1.8759,1.875,1.8779,SL HIT,2026-06-15 10:00,2,NO,YES,Forex
GBPCAD=X,2 Hour,RBR,Demand,1.8627,1.8615,1.8652,FRESH,2026-06-09 06:00,1,NO,NO,Forex
GBPCAD=X,4 Hour,RBD,Supply,1.8672,1.8672,1.8672,SL HIT,2026-06-05 08:00,1,NO,YES,Forex
GBPCAD=X,5 Hour,RBR,Demand,1.8673,1.865,1.8717,FRESH,2026-06-11 07:00,2,NO,NO,Forex
GBPCAD=X,6 Hour,RBR,Demand,1.8673,1.8648,1.8721,FRESH,2026-06-11 06:00,2,NO,NO,Forex
GBPCAD=X,8 Hour,RBR,Demand,1.8678,1.8651,1.8731,FRESH,2026-06-11 08:00,1,NO,NO,Forex
GBPCAD=X,10 Hour,RBD,Supply,1.8628,1.8657,1.8572,SL HIT,2026-06-04 10:00,3,NO,YES,Forex
GBPCAD=X,12 Hour,RBR,Demand,1.8661,1.8613,1.8757,FRESH,2026-06-09 12:00,3,NO,NO,Forex
GBPCAD=X,16 Hour,DBR,Demand,1.8378,1.83,1.8532,FRESH,2026-05-15 00:00,2,NO,NO,Forex
GBPCAD=X,Weekly,RBR,Demand,1.86,1.8317,1.9165,FRESH,2026-05-11 00:00,1,YES,NO,Forex
GBPCHF=X,1 Hour,DBR,Demand,1.067,1.0661,1.0689,SL HIT,2026-06-09 22:00,1,NO,YES,Forex
GBPCHF=X,2 Hour,DBR,Demand,1.06,1.0586,1.0628,FRESH,2026-06-02 22:00,1,NO,NO,Forex
GBPCHF=X,4 Hour,DBR,Demand,1.0677,1.0647,1.0737,SL HIT,2026-06-11 16:00,2,NO,YES,Forex
GBPCHF=X,5 Hour,RBR,Demand,1.0605,1.0586,1.0645,FRESH,2026-06-02 18:00,2,YES,NO,Forex
GBPCHF=X,6 Hour,RBR,Demand,1.0553,1.0529,1.06,FRESH,2026-06-01 06:00,1,NO,NO,Forex
GBPCHF=X,8 Hour,DBR,Demand,1.0534,1.0506,1.059,FRESH,2026-06-01 00:00,1,NO,NO,Forex
GBPCHF=X,10 Hour,RBR,Demand,1.0655,1.0616,1.0734,FRESH,2026-06-08 04:00,3,YES,YES,Forex
GBPCHF=X,12 Hour,DBR,Demand,1.0502,1.0491,1.0524,FRESH,2026-05-29 12:00,1,NO,NO,Forex
GBPCHF=X,16 Hour,RBR,Demand,1.0693,1.0647,1.0784,SL HIT,2026-06-10 00:00,3,NO,YES,Forex
GBPCHF=X,Weekly,RBR,Demand,1.0591,1.045,1.0873,FRESH,2026-03-16 00:00,3,YES,NO,Forex
GBPNZD=X,5 Min,DBD,Supply,2.3051,2.3051,2.3051,SL HIT,2026-06-17 07:35,1,NO,YES,Forex
GBPNZD=X,15 Min,DBD,Supply,2.3062,2.3068,2.305,SL HIT,2026-06-16 06:00,3,NO,YES,Forex
GBPNZD=X,30 Min,RBR,Demand,2.3063,2.3047,2.3095,SL HIT,2026-06-16 03:30,3,YES,YES,Forex
GBPNZD=X,75 Min,DBR,Demand,2.2999,2.2948,2.3101,FRESH,2026-06-11 21:15,3,YES,NO,Forex
GBPNZD=X,125 Min,DBD,Supply,2.3012,2.3012,2.3012,SL HIT,2026-06-16 11:15,1,NO,YES,Forex
GBPNZD=X,1 Hour,RBR,Demand,2.3045,2.3016,2.3103,FRESH,2026-06-12 03:00,3,YES,YES,Forex
GBPNZD=X,2 Hour,RBD,Supply,2.3099,2.3101,2.3096,FRESH,2026-06-11 08:00,3,NO,NO,Forex
GBPNZD=X,4 Hour,DBD,Supply,2.2855,2.2896,2.2772,SL HIT,2026-05-27 04:00,2,NO,YES,Forex
GBPNZD=X,5 Hour,DBD,Supply,2.2592,2.2641,2.2493,SL HIT,2026-05-28 18:00,2,NO,YES,Forex
GBPNZD=X,6 Hour,DBR,Demand,2.2551,2.244,2.2773,FRESH,2026-05-29 06:00,3,NO,NO,Forex
GBPNZD=X,8 Hour,DBR,Demand,2.2551,2.244,2.2775,FRESH,2026-05-29 08:00,2,NO,NO,Forex
GBPNZD=X,10 Hour,DBR,Demand,2.2498,2.244,2.2615,FRESH,2026-05-29 14:00,2,NO,NO,Forex
GBPNZD=X,12 Hour,RBR,Demand,2.2713,2.259,2.2959,FRESH,2026-06-01 12:00,3,NO,NO,Forex
GBPNZD=X,16 Hour,RBR,Demand,2.3016,2.2971,2.3106,FRESH,2026-06-10 00:00,1,YES,NO,Forex
GBPNZD=X,Weekly,DBR,Demand,2.313,2.2808,2.3775,FRESH,2025-10-27 00:00,1,YES,YES,Forex
AUDJPY=X,5 Min,RBR,Demand,113.106,113.088,113.142,TARGET,2026-06-17 07:35,1,YES,YES,Forex
AUDJPY=X,15 Min,RBR,Demand,113.128,113.07,113.244,TARGET,2026-06-17 07:45,1,YES,YES,Forex
AUDJPY=X,30 Min,DBD,Supply,113.387,113.387,113.387,FRESH,2026-06-16 21:00,1,NO,NO,Forex
AUDJPY=X,75 Min,RBR,Demand,112.704,112.541,113.03,FRESH,2026-06-11 21:15,1,YES,YES,Forex
AUDJPY=X,125 Min,DBR,Demand,113.135,112.869,113.667,SL HIT,2026-06-16 02:55,3,YES,YES,Forex
AUDJPY=X,1 Hour,RBR,Demand,113.321,113.269,113.425,SL HIT,2026-06-16 10:00,1,NO,YES,Forex
AUDJPY=X,2 Hour,DBD,Supply,113.235,113.348,113.009,TARGET,2026-06-16 22:00,3,YES,YES,Forex
AUDJPY=X,4 Hour,RBD,Supply,113.387,113.464,113.233,FRESH,2026-06-16 12:00,3,NO,NO,Forex
AUDJPY=X,5 Hour,RBR,Demand,113.471,112.869,114.675,SL HIT,2026-06-15 16:00,3,YES,YES,Forex
AUDJPY=X,6 Hour,RBR,Demand,112.484,112.03,113.392,FRESH,2026-06-11 06:00,2,YES,NO,Forex
AUDJPY=X,8 Hour,DBR,Demand,112.426,112.03,113.218,FRESH,2026-06-11 00:00,2,YES,NO,Forex
AUDJPY=X,10 Hour,RBR,Demand,114.547,113.941,115.759,SL HIT,2026-06-01 02:00,2,NO,YES,Forex
AUDJPY=X,12 Hour,DBR,Demand,113.451,113.259,113.835,SL HIT,2026-05-22 12:00,1,NO,YES,Forex
AUDJPY=X,16 Hour,RBR,Demand,113.6,112.841,115.118,SL HIT,2026-05-21 00:00,3,YES,YES,Forex
AUDJPY=X,Weekly,RBR,Demand,110.615,107.706,116.433,FRESH,2026-02-09 00:00,1,YES,NO,Forex
AUDCAD=X,5 Min,DBD,Supply,0.9884,0.9887,0.9878,SL HIT,2026-06-15 22:45,2,YES,YES,Forex
AUDCAD=X,1 Hour,DBD,Supply,0.9844,0.9844,0.9844,SL HIT,2026-06-05 14:00,2,NO,YES,Forex
AUDCAD=X,2 Hour,DBD,Supply,0.9567,0.9571,0.9558,SL HIT,2026-03-26 12:00,2,NO,YES,Forex
AUDCAD=X,4 Hour,DBR,Demand,0.9805,0.9776,0.9865,FRESH,2026-05-21 04:00,2,NO,NO,Forex
AUDCAD=X,5 Hour,RBD,Supply,0.9606,0.9606,0.9605,SL HIT,2026-03-24 23:00,2,NO,YES,Forex
AUDCAD=X,6 Hour,DBR,Demand,0.9745,0.9716,0.9803,FRESH,2026-04-29 18:00,2,NO,NO,Forex
AUDCAD=X,8 Hour,RBR,Demand,0.9829,0.9769,0.9948,FRESH,2026-05-20 16:00,2,YES,NO,Forex
AUDCAD=X,10 Hour,RBD,Supply,0.9681,0.9681,0.9681,SL HIT,2026-02-20 16:00,1,NO,YES,Forex
AUDCAD=X,12 Hour,DBD,Supply,0.9825,0.9825,0.9825,SL HIT,2026-05-18 00:00,2,NO,YES,Forex
AUDCAD=X,16 Hour,RBD,Supply,0.9914,0.9945,0.9852,FRESH,2026-05-13 00:00,2,YES,YES,Forex
AUDCAD=X,Weekly,RBR,Demand,0.9301,0.926,0.9383,FRESH,2026-01-12 00:00,1,NO,NO,Forex
AUDCHF=X,1 Hour,DBR,Demand,0.5617,0.5605,0.564,SL HIT,2026-05-27 22:00,1,NO,YES,Forex
AUDCHF=X,2 Hour,RBR,Demand,0.5277,0.5249,0.5333,FRESH,2026-01-01 16:00,3,NO,NO,Forex
AUDCHF=X,4 Hour,DBR,Demand,0.5607,0.5596,0.5629,FRESH,2026-06-05 20:00,1,YES,YES,Forex
AUDCHF=X,5 Hour,RBR,Demand,0.558,0.5554,0.5633,FRESH,2026-03-11 05:00,1,YES,NO,Forex
AUDCHF=X,6 Hour,RBD,Supply,0.5494,0.5494,0.5493,SL HIT,2026-02-11 18:00,2,NO,YES,Forex
AUDCHF=X,8 Hour,DBD,Supply,0.5527,0.5527,0.5527,SL HIT,2026-03-20 16:00,1,NO,YES,Forex
AUDCHF=X,10 Hour,DBR,Demand,0.5544,0.5521,0.5591,FRESH,2026-03-16 00:00,1,NO,NO,Forex
AUDCHF=X,12 Hour,RBR,Demand,0.5587,0.5542,0.5679,FRESH,2026-04-08 00:00,3,YES,NO,Forex
AUDCHF=X,16 Hour,DBD,Supply,0.5378,0.543,0.5274,SL HIT,2026-02-06 00:00,2,NO,YES,Forex
AUDCHF=X,Weekly,DBD,Supply,0.5718,0.5743,0.5668,FRESH,2024-11-04 00:00,3,NO,NO,Forex
AUDNZD=X,5 Min,DBR,Demand,1.2133,1.2126,1.2147,FRESH,2026-06-16 06:50,3,NO,NO,Forex
AUDNZD=X,125 Min,RBD,Supply,1.2083,1.209,1.2069,SL HIT,2026-06-12 03:05,3,NO,YES,Forex
AUDNZD=X,1 Hour,RBD,Supply,1.2099,1.2113,1.2072,SL HIT,2026-06-02 09:00,3,NO,YES,Forex
AUDNZD=X,2 Hour,DBR,Demand,1.2143,1.2129,1.2171,FRESH,2026-06-04 12:00,2,YES,YES,Forex
AUDNZD=X,4 Hour,DBD,Supply,1.2163,1.2163,1.2163,TARGET,2026-05-27 04:00,1,NO,YES,Forex
AUDNZD=X,5 Hour,RBD,Supply,1.2164,1.2176,1.2142,FRESH,2026-04-23 18:00,3,YES,YES,Forex
AUDNZD=X,6 Hour,RBR,Demand,1.2122,1.2076,1.2215,FRESH,2026-06-02 12:00,3,YES,NO,Forex
AUDNZD=X,8 Hour,RBR,Demand,1.2131,1.2076,1.224,FRESH,2026-06-02 16:00,2,YES,NO,Forex
AUDNZD=X,10 Hour,RBR,Demand,1.2115,1.2076,1.2194,FRESH,2026-06-02 18:00,1,YES,NO,Forex
AUDNZD=X,12 Hour,DBR,Demand,1.2068,1.1981,1.2244,FRESH,2026-05-29 12:00,3,YES,NO,Forex
AUDNZD=X,16 Hour,DBR,Demand,1.2025,1.2001,1.2072,FRESH,2026-05-31 16:00,1,NO,NO,Forex
AUDNZD=X,Weekly,DBR,Demand,1.0803,1.0646,1.1118,FRESH,2025-04-07 00:00,3,NO,NO,Forex
CADJPY=X,5 Min,RBD,Supply,114.59,114.59,114.59,FRESH,2026-06-16 22:15,1,NO,NO,Forex
CADJPY=X,15 Min,DBD,Supply,114.578,114.578,114.578,FRESH,2026-06-16 22:30,1,NO,NO,Forex
CADJPY=X,30 Min,DBD,Supply,114.51,114.51,114.51,FRESH,2026-06-15 14:30,1,NO,NO,Forex
CADJPY=X,75 Min,RBD,Supply,114.594,114.604,114.574,FRESH,2026-06-15 10:15,3,NO,NO,Forex
CADJPY=X,125 Min,DBR,Demand,114.518,114.402,114.75,SL HIT,2026-06-12 09:20,2,YES,YES,Forex
CADJPY=X,1 Hour,DBD,Supply,114.967,114.967,114.967,FRESH,2026-06-11 08:00,1,NO,NO,Forex
CADJPY=X,2 Hour,RBD,Supply,114.65,114.685,114.58,FRESH,2026-06-16 16:00,2,NO,NO,Forex
CADJPY=X,4 Hour,DBR,Demand,114.421,114.284,114.695,SL HIT,2026-06-16 04:00,1,YES,YES,Forex
CADJPY=X,5 Hour,DBR,Demand,114.837,114.3,115.911,SL HIT,2026-06-11 12:00,2,YES,YES,Forex
CADJPY=X,6 Hour,RBD,Supply,115.121,115.184,114.995,FRESH,2026-06-10 12:00,3,NO,NO,Forex
CADJPY=X,8 Hour,RBR,Demand,116.398,116.332,116.53,SL HIT,2026-04-21 00:00,1,NO,YES,Forex
CADJPY=X,10 Hour,DBR,Demand,114.837,114.3,115.911,SL HIT,2026-06-11 12:00,1,YES,YES,Forex
CADJPY=X,12 Hour,RBD,Supply,115.351,115.354,115.345,FRESH,2026-05-29 00:00,2,NO,NO,Forex
CADJPY=X,16 Hour,DBR,Demand,114.525,114.014,115.547,SL HIT,2026-04-08 08:00,1,YES,YES,Forex
CADJPY=X,Weekly,RBD,Supply,115.6483,115.9422,115.0605,FRESH,2026-03-09 00:00,2,NO,NO,Forex
CADCHF=X,5 Min,DBR,Demand,0.5663,0.5658,0.5674,SL HIT,2026-06-16 22:25,3,YES,YES,Forex
CADCHF=X,1 Hour,DBR,Demand,0.5704,0.5693,0.5726,SL HIT,2026-05-07 22:00,1,NO,YES,Forex
CADCHF=X,2 Hour,RBR,Demand,0.5675,0.5649,0.5728,FRESH,2026-05-29 16:00,3,YES,YES,Forex
CADCHF=X,4 Hour,DBD,Supply,0.5767,0.5767,0.5767,FRESH,2026-01-01 00:00,1,NO,NO,Forex
CADCHF=X,5 Hour,DBR,Demand,0.5748,0.5734,0.5777,SL HIT,2026-04-26 21:00,2,NO,YES,Forex
CADCHF=X,6 Hour,DBD,Supply,0.5688,0.5691,0.5683,FRESH,2026-06-12 00:00,3,NO,NO,Forex
CADCHF=X,8 Hour,DBD,Supply,0.5647,0.5653,0.5635,SL HIT,2026-02-12 16:00,3,NO,YES,Forex
CADCHF=X,10 Hour,RBD,Supply,0.5703,0.5716,0.5676,FRESH,2026-04-16 16:00,3,NO,NO,Forex
CADCHF=X,12 Hour,RBR,Demand,0.5696,0.567,0.5748,SL HIT,2026-03-02 12:00,1,NO,YES,Forex
CADCHF=X,16 Hour,DBD,Supply,0.5688,0.5688,0.5688,FRESH,2026-06-12 00:00,1,NO,NO,Forex
CADCHF=X,Weekly,DBR,Demand,0.572,0.5648,0.5865,FRESH,2026-05-11 00:00,3,YES,YES,Forex
NZDJPY=X,5 Min,DBR,Demand,93.237,93.201,93.309,SL HIT,2026-06-17 07:30,2,NO,YES,Forex
NZDJPY=X,15 Min,DBD,Supply,93.413,93.419,93.401,FRESH,2026-06-17 04:00,3,NO,NO,Forex
NZDJPY=X,30 Min,DBD,Supply,93.42,93.42,93.42,FRESH,2026-06-17 04:00,1,NO,NO,Forex
NZDJPY=X,75 Min,DBD,Supply,93.414,93.414,93.414,FRESH,2026-06-15 17:45,1,NO,NO,Forex
NZDJPY=X,125 Min,RBR,Demand,93.475,93.394,93.637,SL HIT,2026-06-16 11:15,1,NO,YES,Forex
NZDJPY=X,1 Hour,RBR,Demand,93.438,93.354,93.606,SL HIT,2026-06-16 10:00,1,NO,YES,Forex
NZDJPY=X,2 Hour,DBR,Demand,93.115,92.905,93.535,SL HIT,2026-06-16 04:00,2,YES,YES,Forex
NZDJPY=X,4 Hour,DBR,Demand,93.115,92.905,93.535,SL HIT,2026-06-16 04:00,1,YES,YES,Forex
NZDJPY=X,5 Hour,DBR,Demand,93.361,92.905,94.273,SL HIT,2026-06-15 21:00,2,YES,YES,Forex
NZDJPY=X,6 Hour,DBR,Demand,92.825,92.618,93.239,SL HIT,2026-06-11 12:00,1,YES,YES,Forex
NZDJPY=X,8 Hour,DBR,Demand,92.966,92.618,93.662,SL HIT,2026-06-11 00:00,2,YES,YES,Forex
NZDJPY=X,10 Hour,RBD,Supply,95.284,95.284,95.284,FRESH,2026-05-31 16:00,1,NO,NO,Forex
NZDJPY=X,12 Hour,RBR,Demand,95.002,94.468,96.07,SL HIT,2026-05-29 00:00,1,NO,YES,Forex
NZDJPY=X,16 Hour,RBR,Demand,93.99,93.56,94.85,SL HIT,2026-05-27 16:00,1,NO,YES,Forex
NZDJPY=X,Weekly,DBR,Demand,91.762,90.6852,93.9157,FRESH,2026-03-30 00:00,1,YES,NO,Forex
NZDCAD=X,5 Min,DBR,Demand,0.8155,0.8154,0.8159,SL HIT,2026-06-17 01:50,1,NO,YES,Forex
NZDCAD=X,15 Min,RBD,Supply,0.8161,0.8161,0.8161,FRESH,2026-06-17 03:30,1,NO,NO,Forex
NZDCAD=X,30 Min,RBR,Demand,0.8158,0.8153,0.8169,SL HIT,2026-06-16 09:30,2,NO,YES,Forex
NZDCAD=X,75 Min,DBR,Demand,0.8144,0.8128,0.8177,SL HIT,2026-06-12 13:30,3,YES,YES,Forex
NZDCAD=X,1 Hour,RBD,Supply,0.814,0.8149,0.812,SL HIT,2026-06-16 00:00,3,YES,YES,Forex
NZDCAD=X,2 Hour,DBR,Demand,0.8142,0.8118,0.8189,FRESH,2026-06-16 04:00,2,YES,YES,Forex
NZDCAD=X,4 Hour,DBR,Demand,0.8142,0.8118,0.8189,FRESH,2026-06-16 04:00,1,YES,YES,Forex
NZDCAD=X,5 Hour,DBR,Demand,0.8081,0.8065,0.8114,FRESH,2026-06-05 21:00,1,NO,NO,Forex
NZDCAD=X,6 Hour,DBR,Demand,0.8078,0.8048,0.8137,FRESH,2026-05-26 06:00,3,NO,NO,Forex
NZDCAD=X,8 Hour,RBR,Demand,0.8149,0.8124,0.8201,SL HIT,2026-06-12 00:00,2,YES,YES,Forex
NZDCAD=X,10 Hour,DBR,Demand,0.8106,0.8065,0.819,FRESH,2026-06-05 16:00,1,YES,NO,Forex
NZDCAD=X,12 Hour,RBR,Demand,0.8177,0.8126,0.828,SL HIT,2026-05-27 12:00,3,YES,YES,Forex
NZDCAD=X,16 Hour,RBR,Demand,0.8149,0.8124,0.8201,SL HIT,2026-06-12 00:00,1,YES,YES,Forex
NZDCAD=X,Weekly,RBR,Demand,0.8005,0.7874,0.8268,FRESH,2025-12-29 00:00,3,YES,NO,Forex
NZDCHF=X,5 Min,RBR,Demand,0.4618,0.4596,0.4664,FRESH,2026-06-16 22:55,2,YES,YES,Forex
NZDCHF=X,30 Min,DBD,Supply,0.4624,0.4624,0.4624,FRESH,2026-06-16 21:00,1,NO,NO,Forex
NZDCHF=X,1 Hour,RBD,Supply,0.4635,0.4636,0.4632,FRESH,2026-06-11 19:00,2,NO,NO,Forex
NZDCHF=X,2 Hour,DBD,Supply,0.4659,0.467,0.4636,FRESH,2026-06-02 22:00,3,NO,NO,Forex
NZDCHF=X,4 Hour,RBR,Demand,0.4637,0.4598,0.4714,FRESH,2026-06-11 20:00,3,YES,YES,Forex
NZDCHF=X,5 Hour,DBR,Demand,0.4613,0.4605,0.463,SL HIT,2026-06-05 21:00,1,YES,YES,Forex
NZDCHF=X,6 Hour,RBR,Demand,0.4651,0.4631,0.4689,SL HIT,2026-05-28 12:00,2,NO,YES,Forex
NZDCHF=X,8 Hour,DBD,Supply,0.4599,0.4599,0.4599,SL HIT,2026-03-20 16:00,1,NO,YES,Forex
NZDCHF=X,10 Hour,RBD,Supply,0.4622,0.4622,0.4622,FRESH,2026-03-19 18:00,1,NO,NO,Forex
NZDCHF=X,12 Hour,RBR,Demand,0.4651,0.4598,0.4757,FRESH,2026-05-06 12:00,1,YES,YES,Forex
NZDCHF=X,16 Hour,RBR,Demand,0.4636,0.4608,0.4693,SL HIT,2026-05-27 16:00,1,NO,YES,Forex
NZDCHF=X,Weekly,DBD,Supply,0.4605,0.4605,0.4605,SL HIT,2025-09-29 00:00,1,NO,YES,Forex
CHFJPY=X,5 Min,RBD,Supply,202.285,202.285,202.285,TARGET,2026-06-17 03:00,1,NO,YES,Forex
CHFJPY=X,15 Min,RBR,Demand,202.2,202.182,202.236,SL HIT,2026-06-16 22:15,1,NO,YES,Forex
CHFJPY=X,30 Min,DBD,Supply,201.638,201.638,201.638,SL HIT,2026-06-16 12:30,1,NO,YES,Forex
CHFJPY=X,75 Min,RBR,Demand,201.262,200.953,201.88,SL HIT,2026-06-11 21:15,1,NO,YES,Forex
CHFJPY=X,125 Min,RBR,Demand,201.821,201.561,202.341,SL HIT,2026-06-16 11:15,1,YES,YES,Forex
CHFJPY=X,1 Hour,DBR,Demand,201.809,201.514,202.399,SL HIT,2026-06-16 13:00,2,YES,YES,Forex
CHFJPY=X,2 Hour,RBR,Demand,201.85,201.514,202.522,SL HIT,2026-06-16 10:00,2,YES,YES,Forex
CHFJPY=X,4 Hour,DBR,Demand,201.517,201.281,201.989,SL HIT,2026-06-16 04:00,1,NO,YES,Forex
CHFJPY=X,5 Hour,DBR,Demand,201.76,201.281,202.718,SL HIT,2026-06-15 21:00,2,YES,YES,Forex
CHFJPY=X,6 Hour,RBD,Supply,201.344,201.344,201.344,SL HIT,2026-06-12 00:00,1,NO,YES,Forex
CHFJPY=X,8 Hour,RBR,Demand,202.011,201.281,203.471,SL HIT,2026-06-15 16:00,2,YES,YES,Forex
CHFJPY=X,10 Hour,RBR,Demand,201.768,201.519,202.266,SL HIT,2026-05-08 18:00,2,YES,YES,Forex
CHFJPY=X,12 Hour,RBD,Supply,203.138,203.494,202.426,FRESH,2026-05-29 00:00,2,NO,NO,Forex
CHFJPY=X,16 Hour,RBD,Supply,202.879,202.879,202.879,FRESH,2026-06-04 16:00,1,NO,NO,Forex
CHFJPY=X,Weekly,RBR,Demand,194.5965,192.415,198.9594,FRESH,2025-11-17 00:00,3,NO,NO,Forex
BTC-USD,1 Hour,RBR,Demand,65921.9688,65487.7383,66790.4297,SL HIT,2026-06-16 18:00,2,NO,YES,Crypto
BTC-USD,2 Hour,RBR,Demand,66392.0391,66069.9688,67036.1797,SL HIT,2026-06-15 12:00,1,NO,YES,Crypto
EURUSD=X,5 Min,DBR,Demand,1.1606,1.1605,1.1609,SL HIT,2026-06-17 10:45,2,NO,YES,Forex
EURUSD=X,15 Min,DBR,Demand,1.161,1.1608,1.1616,SL HIT,2026-06-17 08:30,1,NO,YES,Forex
GBPUSD=X,5 Min,DBR,Demand,1.3416,1.3414,1.342,SL HIT,2026-06-17 10:45,2,NO,YES,Forex
GBPUSD=X,15 Min,RBR,Demand,1.3418,1.3409,1.3436,SL HIT,2026-06-17 09:00,3,NO,YES,Forex
USDJPY=X,30 Min,DBD,Supply,160.248,160.248,160.248,TARGET,2026-06-17 08:00,1,NO,YES,Forex
AUDUSD=X,5 Min,DBD,Supply,0.7064,0.7064,0.7063,SL HIT,2026-06-17 10:45,2,NO,YES,Forex
AUDUSD=X,15 Min,DBR,Demand,0.7064,0.7062,0.7069,TARGET,2026-06-17 09:45,2,NO,YES,Forex
AUDUSD=X,75 Min,DBD,Supply,0.7064,0.7064,0.7064,SL HIT,2026-06-17 04:45,1,NO,YES,Forex
NZDUSD=X,5 Min,DBR,Demand,0.5818,0.5817,0.582,SL HIT,2026-06-17 10:45,2,YES,YES,Forex
NZDUSD=X,15 Min,RBR,Demand,0.5823,0.5815,0.584,SL HIT,2026-06-17 09:00,3,YES,YES,Forex
NZDUSD=X,30 Min,DBD,Supply,0.5818,0.5821,0.5811,TARGET,2026-06-17 07:30,3,YES,YES,Forex
NZDUSD=X,1 Hour,DBD,Supply,0.5826,0.5826,0.5826,FRESH,2026-06-17 05:00,1,NO,NO,Forex
USDCHF=X,5 Min,DBR,Demand,0.7914,0.791,0.7921,FRESH,2026-06-17 09:10,1,NO,NO,Forex
EURGBP=X,15 Min,DBD,Supply,0.8649,0.8649,0.8649,SL HIT,2026-06-17 09:00,3,NO,YES,Forex
EURJPY=X,5 Min,DBR,Demand,185.799,185.763,185.871,SL HIT,2026-06-17 09:45,1,YES,YES,Forex
EURJPY=X,15 Min,DBR,Demand,185.865,185.763,186.069,SL HIT,2026-06-17 09:45,2,YES,YES,Forex
EURNZD=X,5 Min,RBR,Demand,1.9948,1.9941,1.9962,SL HIT,2026-06-17 10:35,3,YES,YES,Forex
EURNZD=X,1 Hour,RBR,Demand,1.9933,1.992,1.9959,FRESH,2026-06-17 05:00,1,YES,YES,Forex
GBPJPY=X,5 Min,RBD,Supply,214.892,214.892,214.892,FRESH,2026-06-17 09:55,1,NO,NO,Forex
GBPJPY=X,15 Min,DBD,Supply,214.881,214.944,214.755,FRESH,2026-06-17 08:45,3,NO,NO,Forex
GBPAUD=X,75 Min,RBD,Supply,1.9013,1.9014,1.9013,FRESH,2026-06-17 04:45,2,NO,NO,Forex
AUDJPY=X,5 Min,RBD,Supply,113.068,113.118,112.968,SL HIT,2026-06-17 09:50,3,NO,YES,Forex
AUDJPY=X,15 Min,DBR,Demand,113.122,113.035,113.296,SL HIT,2026-06-17 09:45,2,YES,YES,Forex
AUDJPY=X,75 Min,DBD,Supply,113.127,113.156,113.069,SL HIT,2026-06-17 04:45,3,YES,YES,Forex
NZDJPY=X,5 Min,DBR,Demand,93.131,93.11,93.173,TARGET,2026-06-17 09:40,1,NO,YES,Forex
NZDJPY=X,30 Min,DBD,Supply,93.22,93.249,93.162,FRESH,2026-06-17 07:30,3,NO,NO,Forex
NZDJPY=X,75 Min,DBD,Supply,93.353,93.353,93.353,FRESH,2026-06-17 04:45,1,NO,NO,Forex
NZDCAD=X,30 Min,RBD,Supply,0.8145,0.8145,0.8144,SL HIT,2026-06-17 08:00,2,NO,YES,Forex
RELIANCE.NS,5 Min,DBD,Supply,1328.4,1329.3,1326.6,SL HIT,2026-06-17 14:10,3,NO,YES,Indian Stocks
BTC-USD,5 Min,DBD,Supply,64877.8086,64877.8086,64877.8086,SL HIT,2026-06-17 09:45,1,NO,YES,Crypto
BTC-USD,15 Min,DBD,Supply,65257.6797,65257.6797,65257.6797,TARGET,2026-06-17 08:15,1,NO,YES,Crypto
EURUSD=X,5 Min,DBD,Supply,1.16,1.1601,1.1597,TARGET,2026-06-17 11:55,2,YES,YES,Forex
EURUSD=X,15 Min,RBR,Demand,1.1606,1.16,1.162,SL HIT,2026-06-17 11:15,1,YES,YES,Forex
GBPUSD=X,5 Min,DBD,Supply,1.3409,1.3412,1.3404,FRESH,2026-06-17 11:55,3,YES,NO,Forex
GBPUSD=X,15 Min,DBD,Supply,1.3415,1.3418,1.3411,FRESH,2026-06-17 10:45,2,NO,NO,Forex
GBPUSD=X,30 Min,RBD,Supply,1.3416,1.3418,1.3413,FRESH,2026-06-17 10:00,2,NO,NO,Forex
USDJPY=X,5 Min,RBR,Demand,160.214,160.182,160.278,TARGET,2026-06-17 11:20,1,YES,YES,Forex
AUDUSD=X,5 Min,DBD,Supply,0.7062,0.7062,0.7062,SL HIT,2026-06-17 12:05,1,NO,YES,Forex
AUDUSD=X,15 Min,DBD,Supply,0.7064,0.7064,0.7064,SL HIT,2026-06-17 10:45,1,NO,YES,Forex
NZDUSD=X,5 Min,RBD,Supply,0.5814,0.5814,0.5814,SL HIT,2026-06-17 12:05,1,NO,YES,Forex
NZDUSD=X,15 Min,DBD,Supply,0.5814,0.5814,0.5812,SL HIT,2026-06-17 11:15,3,NO,YES,Forex
NZDUSD=X,30 Min,RBD,Supply,0.5819,0.5819,0.5819,TARGET,2026-06-17 10:00,1,NO,YES,Forex
NZDUSD=X,1 Hour,DBR,Demand,0.5822,0.5817,0.5831,SL HIT,2026-06-17 07:00,1,YES,YES,Forex
EURGBP=X,5 Min,RBD,Supply,0.8647,0.8647,0.8647,SL HIT,2026-06-17 11:45,1,NO,YES,Forex
EURJPY=X,5 Min,DBR,Demand,185.79,185.77,185.83,SL HIT,2026-06-17 11:25,1,YES,YES,Forex
EURJPY=X,15 Min,RBD,Supply,185.871,185.878,185.857,FRESH,2026-06-17 10:30,3,NO,NO,Forex
GBPJPY=X,5 Min,RBD,Supply,214.906,214.906,214.906,FRESH,2026-06-17 11:35,1,NO,NO,Forex
GBPAUD=X,5 Min,RBD,Supply,1.9004,1.9004,1.9004,FRESH,2026-06-17 11:10,2,NO,NO,Forex
AUDJPY=X,15 Min,RBR,Demand,113.118,113.098,113.158,SL HIT,2026-06-17 10:00,1,NO,YES,Forex
AUDJPY=X,75 Min,DBD,Supply,113.127,113.13,113.121,SL HIT,2026-06-17 06:00,2,NO,YES,Forex
AUDJPY=X,6 Hour,DBD,Supply,112.983,113.444,112.061,FRESH,2026-06-16 06:00,3,YES,YES,Forex
NZDJPY=X,5 Min,DBR,Demand,93.109,93.092,93.143,SL HIT,2026-06-17 11:20,1,NO,YES,Forex
CHFJPY=X,5 Min,DBD,Supply,202.182,202.189,202.168,FRESH,2026-06-17 12:10,2,NO,NO,Forex
BTC-USD,5 Min,DBD,Supply,64617.5898,64739.5117,64373.7461,SL HIT,2026-06-17 10:55,3,NO,YES,Crypto
BTC-USD,30 Min,DBD,Supply,64849.9219,64857.2695,64835.2266,SL HIT,2026-06-17 09:00,3,NO,YES,Crypto
EURUSD=X,5 Min,RBD,Supply,1.1602,1.1605,1.1597,FRESH,2026-06-17 14:20,2,NO,NO,Forex
EURUSD=X,15 Min,RBR,Demand,1.1601,1.1598,1.1606,SL HIT,2026-06-17 13:30,1,NO,YES,Forex
EURUSD=X,30 Min,DBD,Supply,1.1601,1.1601,1.1601,FRESH,2026-06-17 11:30,1,NO,NO,Forex
GBPUSD=X,5 Min,RBD,Supply,1.3416,1.3416,1.3416,FRESH,2026-06-17 13:55,1,NO,NO,Forex
GBPUSD=X,15 Min,DBD,Supply,1.3407,1.3407,1.3407,FRESH,2026-06-17 12:15,1,NO,NO,Forex
GBPUSD=X,30 Min,DBD,Supply,1.3412,1.3412,1.3412,FRESH,2026-06-17 11:30,1,NO,NO,Forex
AUDUSD=X,5 Min,DBR,Demand,0.7071,0.7068,0.7077,SL HIT,2026-06-17 14:30,2,NO,YES,Forex
AUDUSD=X,15 Min,RBR,Demand,0.7065,0.7064,0.7067,SL HIT,2026-06-17 13:30,1,NO,YES,Forex
AUDUSD=X,30 Min,RBD,Supply,0.7064,0.7064,0.7064,TARGET,2026-06-17 10:30,1,NO,YES,Forex
AUDUSD=X,75 Min,DBD,Supply,0.706,0.7062,0.7057,TARGET,2026-06-17 07:15,3,NO,YES,Forex
AUDUSD=X,1 Hour,RBD,Supply,0.7063,0.7064,0.7061,TARGET,2026-06-17 09:00,2,NO,YES,Forex
AUDUSD=X,5 Hour,RBD,Supply,0.707,0.7079,0.7051,TARGET,2026-06-16 12:00,3,YES,YES,Forex
USDCAD=X,5 Min,DBD,Supply,1.4013,1.4014,1.4011,SL HIT,2026-06-17 12:40,3,NO,YES,Forex
USDCAD=X,15 Min,RBD,Supply,1.4008,1.4008,1.4008,SL HIT,2026-06-17 13:45,1,NO,YES,Forex
NZDUSD=X,5 Min,DBD,Supply,0.5818,0.5818,0.5818,FRESH,2026-06-17 14:30,1,NO,NO,Forex
NZDUSD=X,15 Min,RBR,Demand,0.5815,0.5814,0.5817,SL HIT,2026-06-17 13:30,1,NO,YES,Forex
NZDUSD=X,30 Min,DBD,Supply,0.5812,0.5814,0.5809,TARGET,2026-06-17 11:30,2,NO,YES,Forex
NZDUSD=X,75 Min,DBD,Supply,0.5817,0.5821,0.5809,TARGET,2026-06-17 07:15,3,YES,YES,Forex
NZDUSD=X,1 Hour,RBD,Supply,0.5818,0.582,0.5814,FRESH,2026-06-17 09:00,2,YES,NO,Forex
USDCHF=X,5 Min,DBR,Demand,0.7926,0.7925,0.7928,FRESH,2026-06-17 14:10,3,NO,NO,Forex
USDCHF=X,30 Min,RBR,Demand,0.7929,0.7922,0.7941,FRESH,2026-06-17 12:30,3,YES,NO,Forex
USDCHF=X,5 Hour,DBD,Supply,0.7926,0.7928,0.7921,SL HIT,2026-06-16 12:00,3,NO,YES,Forex
EURGBP=X,5 Min,RBD,Supply,0.8647,0.8647,0.8646,SL HIT,2026-06-17 14:10,3,NO,YES,Forex
EURJPY=X,5 Min,RBD,Supply,185.914,185.914,185.914,FRESH,2026-06-17 14:10,3,NO,NO,Forex
EURJPY=X,15 Min,RBR,Demand,185.884,185.805,186.042,SL HIT,2026-06-17 13:00,3,NO,YES,Forex
EURJPY=X,30 Min,DBR,Demand,185.817,185.712,186.027,SL HIT,2026-06-17 12:30,1,NO,YES,Forex
EURJPY=X,5 Hour,RBD,Supply,186.122,186.188,185.99,FRESH,2026-06-16 12:00,3,NO,NO,Forex
EURCAD=X,5 Min,DBR,Demand,1.6247,1.6244,1.6254,SL HIT,2026-06-17 14:05,2,NO,YES,Forex
GBPJPY=X,5 Min,DBR,Demand,214.821,214.78,214.903,SL HIT,2026-06-17 12:35,1,NO,YES,Forex
GBPJPY=X,5 Hour,RBD,Supply,215.274,215.274,215.274,FRESH,2026-06-16 12:00,1,NO,NO,Forex
GBPAUD=X,5 Min,RBD,Supply,1.8981,1.8986,1.8972,FRESH,2026-06-17 14:15,3,NO,NO,Forex
GBPCAD=X,5 Min,DBR,Demand,1.8788,1.8786,1.8794,SL HIT,2026-06-17 14:05,2,NO,YES,Forex
GBPNZD=X,5 Min,DBD,Supply,2.306,2.3066,2.3047,FRESH,2026-06-17 13:30,3,NO,NO,Forex
AUDJPY=X,5 Hour,RBD,Supply,113.444,113.444,113.444,FRESH,2026-06-16 12:00,1,NO,NO,Forex
AUDCHF=X,10 Hour,DBR,Demand,0.5544,0.5513,0.5607,FRESH,2026-03-13 22:00,2,NO,NO,Forex
NZDJPY=X,75 Min,DBD,Supply,93.245,93.245,93.245,FRESH,2026-06-17 07:15,1,NO,NO,Forex
NZDJPY=X,5 Hour,RBD,Supply,93.526,93.526,93.526,FRESH,2026-06-16 12:00,1,NO,NO,Forex
NZDCAD=X,5 Min,RBR,Demand,0.8141,0.8131,0.8162,SL HIT,2026-06-17 13:25,2,YES,YES,Forex
AAPL,15 Min,DBR,Demand,299.175,298.22,301.085,SL HIT,2026-06-16 15:00,3,YES,YES,US Stocks
AAPL,125 Min,DBD,Supply,295.19,298.11,289.35,FRESH,2026-06-15 14:25,3,YES,YES,US Stocks
AAPL,5 Hour,DBD,Supply,304.86,304.86,304.86,FRESH,2026-06-08 09:00,1,NO,NO,US Stocks
AAPL,10 Hour,DBD,Supply,304.86,310.26,294.0599,FRESH,2026-06-04 10:00,3,NO,NO,US Stocks
BTC-USD,5 Min,RBR,Demand,64971.9102,64781.4297,65352.8711,FRESH,2026-06-17 13:30,1,YES,YES,Crypto
BTC-USD,15 Min,RBR,Demand,65016.9688,64799.9883,65450.9297,FRESH,2026-06-17 12:45,3,YES,YES,Crypto
BTC-USD,30 Min,DBR,Demand,64761.3203,64491.8789,65300.2031,FRESH,2026-06-17 11:00,3,NO,YES,Crypto
EURUSD=X,5 Min,RBD,Supply,1.1596,1.1596,1.1596,FRESH,2026-06-17 17:25,1,NO,NO,Forex
EURUSD=X,30 Min,RBD,Supply,1.1601,1.1602,1.1598,FRESH,2026-06-17 14:00,2,NO,NO,Forex
EURUSD=X,8 Hour,DBR,Demand,1.1592,1.1578,1.1618,SL HIT,2026-06-16 00:00,1,NO,YES,Forex
GBPUSD=X,5 Min,DBD,Supply,1.3391,1.3393,1.3387,FRESH,2026-06-17 17:15,2,NO,NO,Forex
GBPUSD=X,15 Min,DBD,Supply,1.3407,1.3407,1.3407,FRESH,2026-06-17 14:45,1,NO,NO,Forex
GBPUSD=X,30 Min,RBD,Supply,1.3415,1.3415,1.3415,FRESH,2026-06-17 14:00,1,NO,NO,Forex
GBPUSD=X,1 Hour,DBR,Demand,1.3412,1.3401,1.3435,SL HIT,2026-06-17 12:00,1,NO,YES,Forex
GBPUSD=X,8 Hour,DBR,Demand,1.3413,1.3391,1.3455,SL HIT,2026-06-16 00:00,1,NO,YES,Forex
USDJPY=X,30 Min,DBD,Supply,160.19,160.249,160.072,SL HIT,2026-06-17 15:00,2,NO,YES,Forex
AUDUSD=X,5 Min,RBD,Supply,0.7072,0.7072,0.7072,FRESH,2026-06-17 17:20,1,NO,NO,Forex
AUDUSD=X,15 Min,DBR,Demand,0.7073,0.7067,0.7084,SL HIT,2026-06-17 16:00,2,NO,YES,Forex
AUDUSD=X,30 Min,RBD,Supply,0.7068,0.7072,0.706,FRESH,2026-06-17 14:00,3,NO,NO,Forex
AUDUSD=X,125 Min,DBR,Demand,0.7065,0.7057,0.708,SL HIT,2026-06-17 06:00,3,NO,YES,Forex
AUDUSD=X,1 Hour,DBR,Demand,0.7062,0.706,0.7066,SL HIT,2026-06-17 12:00,1,NO,YES,Forex
AUDUSD=X,8 Hour,DBR,Demand,0.7072,0.7047,0.7122,SL HIT,2026-06-16 00:00,1,NO,YES,Forex
NZDUSD=X,5 Min,RBD,Supply,0.5818,0.5818,0.5818,FRESH,2026-06-17 17:25,1,NO,NO,Forex
NZDUSD=X,15 Min,DBR,Demand,0.5817,0.5814,0.5822,SL HIT,2026-06-17 16:00,2,NO,YES,Forex
NZDUSD=X,30 Min,RBD,Supply,0.5818,0.582,0.5813,FRESH,2026-06-17 14:00,3,NO,NO,Forex
NZDUSD=X,125 Min,DBD,Supply,0.582,0.5821,0.5819,FRESH,2026-06-17 06:00,2,NO,NO,Forex
NZDUSD=X,1 Hour,DBR,Demand,0.5814,0.581,0.5822,SL HIT,2026-06-17 12:00,1,NO,YES,Forex
NZDUSD=X,8 Hour,DBR,Demand,0.5826,0.5799,0.588,SL HIT,2026-06-16 00:00,1,NO,YES,Forex
USDCHF=X,5 Min,RBD,Supply,0.7933,0.7933,0.7933,SL HIT,2026-06-17 17:15,1,NO,YES,Forex
USDCHF=X,15 Min,RBR,Demand,0.7929,0.7922,0.7944,FRESH,2026-06-17 14:30,2,NO,NO,Forex
EURGBP=X,5 Min,DBR,Demand,0.8654,0.8653,0.8655,FRESH,2026-06-17 17:00,2,NO,YES,Forex
EURJPY=X,5 Min,DBR,Demand,185.773,185.751,185.817,SL HIT,2026-06-17 16:10,1,NO,YES,Forex
EURJPY=X,15 Min,RBD,Supply,185.883,185.914,185.821,FRESH,2026-06-17 14:00,3,NO,NO,Forex
EURJPY=X,30 Min,RBD,Supply,185.909,185.909,185.909,FRESH,2026-06-17 14:00,1,NO,NO,Forex
GBPJPY=X,30 Min,RBD,Supply,214.966,214.966,214.966,FRESH,2026-06-17 14:00,1,NO,NO,Forex
GBPAUD=X,15 Min,DBD,Supply,1.8964,1.8964,1.8964,FRESH,2026-06-17 14:45,1,NO,NO,Forex
GBPAUD=X,30 Min,DBD,Supply,1.895,1.895,1.895,FRESH,2026-06-17 15:00,2,NO,NO,Forex
GBPCAD=X,5 Min,RBD,Supply,1.8787,1.8787,1.8787,FRESH,2026-06-17 14:55,1,NO,NO,Forex
GBPNZD=X,30 Min,DBD,Supply,2.306,2.306,2.3058,FRESH,2026-06-17 13:30,2,NO,NO,Forex
AUDJPY=X,5 Min,RBR,Demand,113.279,113.267,113.303,SL HIT,2026-06-17 15:05,1,NO,YES,Forex
AUDJPY=X,2 Hour,DBR,Demand,113.159,113.033,113.411,SL HIT,2026-06-17 06:00,3,NO,YES,Forex
NZDJPY=X,5 Min,RBR,Demand,93.2,93.156,93.288,SL HIT,2026-06-17 16:20,3,NO,YES,Forex
NZDJPY=X,30 Min,RBR,Demand,93.222,93.146,93.374,SL HIT,2026-06-17 13:30,3,NO,YES,Forex
NZDJPY=X,75 Min,DBR,Demand,93.178,93.092,93.35,SL HIT,2026-06-17 09:45,3,NO,YES,Forex
NZDCAD=X,5 Min,RBD,Supply,0.8161,0.8161,0.8161,FRESH,2026-06-17 17:25,1,NO,NO,Forex
NZDCHF=X,15 Min,RBD,Supply,0.4615,0.4615,0.4613,FRESH,2026-06-17 15:15,2,NO,NO,Forex
NZDCHF=X,30 Min,RBR,Demand,0.4611,0.4606,0.462,FRESH,2026-06-17 14:00,2,YES,YES,Forex
CHFJPY=X,15 Min,DBD,Supply,202.011,202.016,202.001,FRESH,2026-06-17 16:15,3,NO,NO,Forex
CHFJPY=X,30 Min,DBD,Supply,202.034,202.11,201.882,FRESH,2026-06-17 14:30,3,NO,NO,Forex
CHFJPY=X,75 Min,DBD,Supply,202.186,202.186,202.186,FRESH,2026-06-17 09:45,1,NO,NO,Forex
AAPL,5 Min,DBR,Demand,298.43,298.15,298.99,SL HIT,2026-06-17 12:10,1,NO,YES,US Stocks
AAPL,30 Min,RBD,Supply,300.3,300.34,300.22,FRESH,2026-06-17 09:30,2,NO,NO,US Stocks
AAPL,125 Min,RBD,Supply,295.245,298.11,289.515,FRESH,2026-06-16 09:10,2,YES,YES,US Stocks
AAPL,1 Hour,DBR,Demand,298.7201,298.22,299.7203,SL HIT,2026-06-16 14:30,1,NO,YES,US Stocks
BTC-USD,5 Min,RBR,Demand,65181.0195,65139.5117,65264.0352,SL HIT,2026-06-17 15:15,1,NO,YES,Crypto
BTC-USD,30 Min,RBR,Demand,64975.7383,64806.9883,65313.2383,FRESH,2026-06-17 13:00,1,YES,YES,Crypto
EURUSD=X,5 Min,RBD,Supply,1.1558,1.1563,1.1547,FRESH,2026-06-17 19:40,3,NO,NO,Forex
EURUSD=X,15 Min,DBR,Demand,1.1596,1.1593,1.1601,FRESH,2026-06-17 17:00,1,NO,YES,Forex
EURUSD=X,6 Hour,RBD,Supply,1.1614,1.1616,1.1612,FRESH,2026-06-16 12:00,3,NO,NO,Forex
GBPUSD=X,5 Min,RBD,Supply,1.3359,1.3365,1.3346,FRESH,2026-06-17 19:45,2,NO,NO,Forex
GBPUSD=X,15 Min,DBR,Demand,1.3397,1.339,1.3409,FRESH,2026-06-17 17:15,3,NO,YES,Forex
GBPUSD=X,1 Hour,RBD,Supply,1.3407,1.3407,1.3407,FRESH,2026-06-17 14:00,1,NO,NO,Forex
GBPUSD=X,6 Hour,RBD,Supply,1.3427,1.3428,1.3425,FRESH,2026-06-16 12:00,3,NO,NO,Forex
USDJPY=X,1 Hour,RBR,Demand,160.302,160.18,160.546,FRESH,2026-06-17 13:00,2,NO,NO,Forex
AUDUSD=X,5 Min,DBD,Supply,0.7057,0.7057,0.7057,FRESH,2026-06-17 19:50,1,NO,NO,Forex
AUDUSD=X,15 Min,RBD,Supply,0.7077,0.7077,0.7077,FRESH,2026-06-17 18:45,1,NO,NO,Forex
AUDUSD=X,75 Min,DBR,Demand,0.7064,0.706,0.7073,FRESH,2026-06-17 12:15,1,NO,YES,Forex
NZDUSD=X,5 Min,DBD,Supply,0.58,0.58,0.58,FRESH,2026-06-17 19:50,1,NO,NO,Forex
NZDUSD=X,15 Min,RBD,Supply,0.579,0.5819,0.5732,FRESH,2026-06-17 18:45,2,YES,NO,Forex
NZDUSD=X,75 Min,DBR,Demand,0.5816,0.581,0.5826,FRESH,2026-06-17 12:15,1,NO,YES,Forex
NZDUSD=X,6 Hour,RBD,Supply,0.5826,0.5836,0.5807,FRESH,2026-06-16 12:00,3,NO,NO,Forex
USDCHF=X,5 Min,DBR,Demand,0.7957,0.7947,0.7978,FRESH,2026-06-17 19:40,2,NO,NO,Forex
USDCHF=X,15 Min,DBR,Demand,0.7967,0.7919,0.8063,FRESH,2026-06-17 19:00,3,YES,NO,Forex
EURGBP=X,5 Min,DBD,Supply,0.8652,0.8652,0.8651,FRESH,2026-06-17 17:50,3,NO,NO,Forex
EURJPY=X,5 Min,DBR,Demand,185.354,185.207,185.648,FRESH,2026-06-17 19:05,2,NO,YES,Forex
EURJPY=X,15 Min,RBD,Supply,185.688,185.688,185.688,FRESH,2026-06-17 18:45,1,NO,NO,Forex
EURJPY=X,6 Hour,RBD,Supply,186.122,186.265,185.836,FRESH,2026-06-16 12:00,2,NO,NO,Forex
EURCAD=X,5 Min,RBR,Demand,1.6237,1.6225,1.6261,FRESH,2026-06-17 19:20,3,NO,YES,Forex
GBPJPY=X,5 Min,RBD,Supply,214.227,214.316,214.049,FRESH,2026-06-17 19:40,2,NO,NO,Forex
GBPAUD=X,30 Min,DBD,Supply,1.895,1.895,1.895,FRESH,2026-06-17 15:30,1,NO,NO,Forex
GBPCAD=X,6 Hour,RBR,Demand,1.8794,1.8762,1.8857,FRESH,2026-06-16 12:00,2,NO,YES,Forex
AUDJPY=X,5 Min,RBR,Demand,113.085,112.845,113.565,FRESH,2026-06-17 19:20,3,NO,YES,Forex
AUDJPY=X,6 Hour,RBD,Supply,113.387,113.444,113.273,FRESH,2026-06-16 12:00,2,NO,NO,Forex
NZDJPY=X,5 Min,RBD,Supply,92.95,93.026,92.798,FRESH,2026-06-17 19:40,3,NO,NO,Forex
NZDJPY=X,6 Hour,RBD,Supply,93.526,93.542,93.494,FRESH,2026-06-16 12:00,2,NO,NO,Forex
NZDCAD=X,5 Min,RBD,Supply,0.8145,0.8149,0.8136,FRESH,2026-06-17 19:40,3,NO,NO,Forex
NZDCHF=X,15 Min,DBR,Demand,0.4611,0.4592,0.4651,FRESH,2026-06-17 19:00,2,YES,YES,Forex
CHFJPY=X,5 Min,RBD,Supply,201.528,201.601,201.382,FRESH,2026-06-17 19:40,2,NO,NO,Forex
CHFJPY=X,15 Min,RBD,Supply,202.009,202.009,202.009,FRESH,2026-06-17 18:45,1,NO,NO,Forex
CHFJPY=X,75 Min,DBD,Supply,202.134,202.182,202.038,FRESH,2026-06-17 12:15,3,NO,NO,Forex
AAPL,5 Min,DBD,Supply,295.27,295.27,295.27,FRESH,2026-06-17 14:50,1,NO,YES,US Stocks
AAPL,15 Min,RBD,Supply,295.82,295.835,295.79,FRESH,2026-06-17 14:00,3,NO,YES,US Stocks
AAPL,1 Hour,RBD,Supply,300.45,300.45,300.45,FRESH,2026-06-17 09:30,1,NO,NO,US Stocks
BTC-USD,5 Min,RBD,Supply,65836.7969,65874.0469,65762.2969,FRESH,2026-06-17 18:45,2,NO,NO,Crypto
EURUSD=X,5 Min,DBD,Supply,1.1505,1.1505,1.1505,FRESH,2026-06-17 21:50,2,NO,NO,Forex
EURUSD=X,15 Min,RBR,Demand,1.1501,1.149,1.1522,FRESH,2026-06-17 21:00,1,NO,NO,Forex
EURUSD=X,30 Min,RBD,Supply,1.1542,1.1551,1.1523,FRESH,2026-06-17 19:00,2,NO,NO,Forex
GBPUSD=X,5 Min,DBR,Demand,1.3294,1.3283,1.3314,FRESH,2026-06-17 22:00,3,NO,NO,Forex
GBPUSD=X,15 Min,RBR,Demand,1.3288,1.3278,1.3307,FRESH,2026-06-17 21:00,1,NO,NO,Forex
GBPUSD=X,30 Min,RBD,Supply,1.3337,1.3355,1.3302,FRESH,2026-06-17 19:00,2,NO,NO,Forex
GBPUSD=X,1 Hour,DBR,Demand,1.3397,1.3389,1.3412,FRESH,2026-06-17 16:00,2,NO,NO,Forex
USDJPY=X,5 Min,RBD,Supply,160.764,160.764,160.764,FRESH,2026-06-17 20:35,1,NO,NO,Forex
USDJPY=X,15 Min,RBD,Supply,160.69,160.73,160.61,FRESH,2026-06-17 20:30,3,NO,NO,Forex
USDJPY=X,30 Min,RBR,Demand,160.495,160.323,160.839,FRESH,2026-06-17 19:30,1,NO,NO,Forex
USDJPY=X,1 Hour,RBR,Demand,160.315,160.17,160.605,FRESH,2026-06-17 16:00,3,NO,NO,Forex
AUDUSD=X,5 Min,DBD,Supply,0.7016,0.7016,0.7016,FRESH,2026-06-17 21:50,3,NO,NO,Forex
AUDUSD=X,15 Min,DBD,Supply,0.7032,0.7032,0.7032,FRESH,2026-06-17 20:00,1,NO,NO,Forex
AUDUSD=X,30 Min,DBD,Supply,0.7042,0.7042,0.7042,FRESH,2026-06-17 19:30,1,NO,NO,Forex
AUDUSD=X,75 Min,RBR,Demand,0.7073,0.7067,0.7085,FRESH,2026-06-17 14:45,2,NO,NO,Forex
USDCAD=X,30 Min,RBR,Demand,1.4067,1.4044,1.4113,FRESH,2026-06-17 19:30,1,NO,NO,Forex
NZDUSD=X,5 Min,DBR,Demand,0.5771,0.577,0.5773,FRESH,2026-06-17 22:00,1,NO,NO,Forex
NZDUSD=X,15 Min,DBR,Demand,0.5766,0.5755,0.5789,FRESH,2026-06-17 20:30,3,NO,NO,Forex
NZDUSD=X,30 Min,RBD,Supply,0.5786,0.5791,0.5777,FRESH,2026-06-17 19:00,2,NO,NO,Forex
USDCHF=X,5 Min,RBR,Demand,0.8005,0.7995,0.8026,FRESH,2026-06-17 20:20,2,NO,NO,Forex
USDCHF=X,15 Min,RBR,Demand,0.7988,0.7969,0.8026,FRESH,2026-06-17 20:00,1,NO,NO,Forex
USDCHF=X,30 Min,RBR,Demand,0.7972,0.7947,0.8021,FRESH,2026-06-17 19:30,1,NO,NO,Forex
EURJPY=X,5 Min,DBR,Demand,184.626,184.534,184.81,FRESH,2026-06-17 20:35,2,NO,NO,Forex
EURJPY=X,15 Min,DBR,Demand,184.734,184.534,185.134,FRESH,2026-06-17 20:30,1,NO,NO,Forex
EURJPY=X,30 Min,DBD,Supply,185.19,185.19,185.19,FRESH,2026-06-17 19:30,1,NO,NO,Forex
EURCAD=X,5 Min,RBD,Supply,1.6223,1.6223,1.6223,FRESH,2026-06-17 20:55,1,NO,NO,Forex
EURCAD=X,15 Min,DBR,Demand,1.6232,1.6198,1.63,FRESH,2026-06-17 20:00,3,NO,NO,Forex
GBPJPY=X,5 Min,DBR,Demand,213.451,213.173,214.007,FRESH,2026-06-17 22:00,3,NO,NO,Forex
GBPJPY=X,15 Min,RBD,Supply,213.469,213.573,213.261,FRESH,2026-06-17 21:00,3,NO,NO,Forex
GBPJPY=X,30 Min,DBD,Supply,214.045,214.045,214.045,FRESH,2026-06-17 19:30,1,NO,NO,Forex
GBPCAD=X,5 Min,RBD,Supply,1.8735,1.8741,1.8722,FRESH,2026-06-17 20:50,2,NO,NO,Forex
GBPCAD=X,15 Min,DBR,Demand,1.8762,1.8705,1.8875,FRESH,2026-06-17 20:00,3,NO,NO,Forex
AUDJPY=X,5 Min,DBD,Supply,112.863,112.871,112.847,FRESH,2026-06-17 20:05,2,NO,NO,Forex
AUDJPY=X,15 Min,DBR,Demand,112.591,112.466,112.841,FRESH,2026-06-17 20:30,1,NO,NO,Forex
AUDJPY=X,30 Min,DBD,Supply,113.007,113.007,113.007,FRESH,2026-06-17 19:30,1,NO,NO,Forex
NZDJPY=X,5 Min,DBR,Demand,92.688,92.662,92.74,FRESH,2026-06-17 22:00,1,NO,NO,Forex
NZDJPY=X,15 Min,DBR,Demand,92.562,92.477,92.732,FRESH,2026-06-17 20:30,1,NO,NO,Forex
NZDJPY=X,30 Min,DBD,Supply,92.823,92.823,92.823,FRESH,2026-06-17 19:30,1,NO,NO,Forex
NZDJPY=X,75 Min,RBD,Supply,93.22,93.22,93.22,FRESH,2026-06-17 14:45,1,NO,NO,Forex
NZDCAD=X,5 Min,DBR,Demand,0.8122,0.8117,0.8133,FRESH,2026-06-17 20:25,3,NO,NO,Forex
NZDCAD=X,15 Min,DBD,Supply,0.8134,0.8134,0.8134,FRESH,2026-06-17 20:00,1,NO,NO,Forex
NZDCHF=X,15 Min,RBR,Demand,0.4612,0.4608,0.462,FRESH,2026-06-17 19:45,1,NO,NO,Forex
CHFJPY=X,5 Min,DBD,Supply,200.974,200.991,200.94,FRESH,2026-06-17 20:05,2,NO,NO,Forex
CHFJPY=X,15 Min,DBD,Supply,200.974,200.974,200.974,FRESH,2026-06-17 20:00,1,NO,NO,Forex
CHFJPY=X,30 Min,DBD,Supply,201.312,201.312,201.312,FRESH,2026-06-17 19:30,1,NO,NO,Forex
AAPL,5 Min,DBD,Supply,294.59,295.0,293.77,FRESH,2026-06-17 15:00,3,NO,NO,US Stocks
AAPL,15 Min,DBD,Supply,295.82,295.835,295.79,FRESH,2026-06-17 14:15,2,NO,NO,US Stocks
BTC-USD,5 Min,DBR,Demand,64256.3594,64133.75,64501.5781,FRESH,2026-06-17 20:45,2,NO,NO,Crypto
BTC-USD,15 Min,DBD,Supply,65308.7383,65308.7383,65308.7383,FRESH,2026-06-17 19:00,1,NO,NO,Crypto
BTC-USD,1 Hour,RBD,Supply,65467.2188,65825.7812,64750.0938,FRESH,2026-06-17 16:00,3,NO,NO,Crypto
